"Pokemon","Generation","Type1","Type2","Total","HP","Attack","Defense","Special Atk","Special Def","Speed","Monthly Usage (k)"
"Venusaur",1,"Grass","Poison",525,80,82,83,100,100,80,204
"Blastoise",1,"Water","Water",530,79,83,100,85,105,78,98
"Pikachu",1,"Electric","Electric",320,35,55,40,50,50,90,13
"Mankey",1,"Fighting","Fighting",305,40,80,35,35,45,70,0
"Primeape",1,"Fighting","Fighting",455,65,105,60,60,70,95,0
"Growlithe",1,"Fire","Fire",350,55,70,45,70,50,60,0
"Meganium",2,"Grass","Grass",525,80,82,100,83,100,80,0
"Ampharos",2,"Electric","Electric",510,90,75,85,115,90,55,0
"Charizard",1,"Fire","Flying",534,78,84,78,109,85,100,344
"Bellossom",2,"Grass","Grass",490,75,80,95,90,100,50,0
"Sudowoodo",2,"Rock","Rock",410,70,100,115,30,65,30,0
"Treecko",3,"Grass","Grass",310,40,45,35,65,55,70,0
"Grovyle",3,"Grass","Grass",405,50,65,45,85,65,95,0
"Torchic",3,"Fire","Fire",310,45,60,40,70,50,45,0
"Mudkip",3,"Water","Water",310,50,70,50,50,50,40,0
"Poochyena",3,"Dark","Dark",220,35,55,35,30,30,35,0
"Butterfree",1,"Bug","Flying",395,60,45,50,90,80,70,16
"Luvdisc",3,"Water","Water",330,43,30,55,40,65,97,0
"Bagon",3,"Dragon","Dragon",300,45,75,60,40,30,50,0
"Shelgon",3,"Dragon","Dragon",420,65,95,100,60,50,50,0
"Regirock",3,"Rock","Rock",580,80,100,200,50,100,50,0
"Regice",3,"Ice","Ice",580,80,50,100,100,200,50,0
"Buneary",4,"Normal","Normal",350,55,66,44,44,56,85,0
"Lopunny",4,"Normal","Normal",480,65,76,84,54,96,105,0
"Tornadus Therian Forme",5,"Flying","Flying",580,79,100,80,110,90,121,0
"Chespin",6,"Grass","Grass",313,56,61,65,48,45,38,0
"Quilladin",6,"Grass","Grass",405,61,78,95,56,58,57,0
"Gabite",4,"Ground","Dragon",410,68,90,65,50,55,82,0
"Graveler",1,"Ground","Rock",390,55,95,115,45,45,35,0
"Bulbasaur",1,"Grass","Poison",318,45,49,49,65,65,45,0
"Ivysaur",1,"Grass","Poison",405,60,62,63,80,80,60,0
"Weedle",1,"Bug","Poison",195,40,35,30,20,20,50,0
"Kakuna",1,"Bug","Poison",205,45,25,50,25,25,35,0
"Beedrill",1,"Bug","Poison",395,65,90,40,45,80,75,0
"Pidgey",1,"Normal","Flying",251,40,45,40,35,35,56,0
"Pidgeotto",1,"Normal","Flying",349,63,60,55,50,50,71,0
"Pidgeot",1,"Normal","Flying",479,83,80,75,70,70,101,0
"Alolan Rattata",7,"Dark","Normal",253,30,56,35,25,35,72,0
"Alolan Raticate",7,"Dark","Normal",413,75,71,70,40,80,77,0
"Spearow",1,"Normal","Flying",262,40,60,30,31,31,70,0
"Fearow",1,"Normal","Flying",442,65,90,65,61,61,100,0
"Alolan Raichu",7,"Electric","Psychic",485,60,85,50,95,85,110,0
"Raichu",1,"Electric","Electric",485,60,90,55,90,80,110,93
"Fennekin",6,"Fire","Fire",307,40,45,40,62,60,60,0
"Braixen",6,"Fire","Fire",409,59,59,58,90,70,73,0
"Froakie",6,"Water","Water",314,41,56,40,62,44,71,0
"Frogadier",6,"Water","Water",405,54,63,52,83,56,97,0
"Goomy",6,"Dragon","Dragon",300,45,50,35,55,75,40,0
"Sliggoo",6,"Dragon","Dragon",452,68,75,53,83,113,60,0
"Bergmite",6,"Ice","Ice",304,55,69,85,32,35,28,0
"Avalugg",6,"Ice","Ice",514,95,117,184,44,46,28,0
"Litten",7,"Fire","Fire",320,45,65,40,60,40,70,0
"Steenee",7,"Grass","Grass",290,52,40,48,40,48,62,0
"Alolan Ninetales",7,"Ice","Fairy",505,73,67,75,81,100,109,16
"Passimian",7,"Fighting","Fighting",490,100,120,90,40,60,80,0
"Pyukumuku",7,"Water","Water",410,55,60,130,30,130,5,0
"Sandshrew",1,"Ground","Ground",300,50,75,85,20,30,40,0
"Sandslash",1,"Ground","Ground",450,75,100,110,45,55,65,0
"Nidoran♀",1,"Poison","Poison",275,55,47,52,40,40,41,0
"Nidorina",1,"Poison","Poison",365,70,62,67,55,55,56,0
"Nidoran♂",1,"Poison","Poison",273,46,57,40,40,40,50,0
"Nidorino",1,"Poison","Poison",365,61,72,57,55,55,65,0
"Vulpix",1,"Fire","Fire",299,38,41,40,50,65,65,0
"Alolan Vulpix",7,"Ice","Ice",299,38,41,40,50,65,65,0
"Golem",1,"Ground","Rock",495,80,120,130,55,65,45,0
"Alolan Sandshrew",7,"Ice","Steel",300,50,75,90,10,35,40,0
"Alolan Sandslash",7,"Ice","Steel",450,75,100,120,25,65,65,0
"Nidoqueen",1,"Poison","Ground",505,90,92,87,75,85,76,0
"Nidoking",1,"Poison","Ground",505,81,102,77,85,75,85,0
"Jigglypuff",1,"Normal","Fairy",270,115,45,20,45,25,20,0
"Wigglytuff",1,"Normal","Fairy",435,140,70,45,85,50,45,0
"Zubat",1,"Poison","Flying",245,40,45,35,30,40,55,0
"Golbat",1,"Poison","Flying",455,75,80,70,65,75,90,0
"Oddish",1,"Grass","Poison",320,45,50,55,75,65,30,0
"Gloom",1,"Grass","Poison",395,60,65,70,85,75,40,0
"Vileplume",1,"Grass","Poison",490,75,80,85,110,90,50,0
"Paras",1,"Bug","Grass",285,35,70,55,45,55,25,0
"Parasect",1,"Bug","Grass",405,60,95,80,60,80,30,0
"Venonat",1,"Bug","Poison",305,60,55,50,40,55,45,0
"Venomoth",1,"Bug","Poison",450,70,65,60,90,75,90,0
"Alolan Diglett",7,"Ground","Steel",265,10,55,30,35,45,90,0
"Alolan Dugtrio",7,"Ground","Steel",425,35,100,60,50,70,110,0
"Ninetales",1,"Fire","Fire",505,73,76,75,81,100,100,0
"Diglett",1,"Ground","Ground",265,10,55,25,35,45,95,0
"Meowth",1,"Normal","Normal",290,40,45,35,40,40,90,0
"Arcanine",1,"Fire","Fire",555,90,110,80,100,80,95,23
"Alolan Meowth",7,"Dark","Dark",290,40,35,35,50,40,90,0
"Galarian Meowth",8,"Steel","Steel",290,50,65,55,40,40,40,0
"Persian",1,"Normal","Normal",440,65,70,60,65,65,115,0
"Psyduck",1,"Water","Water",320,50,52,48,65,50,55,0
"Golduck",1,"Water","Water",500,80,82,78,95,80,85,0
"Poliwag",1,"Water","Water",300,40,50,40,40,40,90,0
"Poliwhirl",1,"Water","Water",385,65,65,65,50,50,90,0
"Abra",1,"Psychic","Psychic",310,25,20,15,105,55,90,0
"Kadabra",1,"Psychic","Psychic",400,40,35,30,120,70,105,0
"Alakazam",1,"Psychic","Psychic",500,55,50,45,135,95,120,0
"Machop",1,"Fighting","Fighting",305,70,80,50,35,35,35,0
"Machoke",1,"Fighting","Fighting",405,80,100,70,50,60,45,0
"Ponyta",1,"Fire","Fire",410,50,85,55,65,65,90,0
"Galarian Ponyta",8,"Psychic","Psychic",410,50,85,55,65,65,90,0
"Rapidash",1,"Fire","Fire",500,65,100,70,80,80,105,0
"Galarian Slowpoke",8,"Psychic","Psychic",315,90,65,65,40,40,15,0
"Muk",1,"Poison","Poison",500,105,105,75,65,100,50,0
"Shellder",1,"Water","Water",305,30,65,100,45,25,40,0
"Slowbro",1,"Water","Psychic",490,95,75,110,100,80,30,4
"Drowzee",1,"Psychic","Psychic",328,60,48,45,43,90,42,0
"Hypno",1,"Psychic","Psychic",483,85,73,70,73,115,67,0
"Krabby",1,"Water","Water",325,30,105,90,25,25,50,0
"Voltorb",1,"Electric","Electric",330,40,30,50,55,55,100,0
"Electrode",1,"Electric","Electric",490,60,50,70,80,80,150,0
"Cubone",1,"Ground","Ground",320,50,50,95,40,50,35,0
"Geodude",1,"Ground","Rock",300,40,80,100,30,30,20,0
"Hisuian Growlithe",1,"Fire","Rock",350,60,75,45,65,50,55,0
"Hisuian Arcanine",1,"Fire","Rock",555,95,115,80,95,80,90,0
"Poliwrath",1,"Water","Fighting",510,90,95,95,70,90,70,0
"Bellsprout",1,"Grass","Poison",300,50,75,35,70,30,40,0
"Weepinbell",1,"Grass","Poison",390,65,90,50,85,45,55,0
"Victreebel",1,"Grass","Poison",490,80,105,65,100,70,70,0
"Shieldon",4,"Steel","Rock",350,30,42,118,42,88,30,0
"Bastiodon",4,"Steel","Rock",495,60,52,168,47,138,30,0
"Tentacool",1,"Poison","Water",335,40,40,35,50,100,70,0
"Alolan Geodude",7,"Rock","Electric",300,40,80,100,30,30,20,0
"Tentacruel",1,"Poison","Water",515,80,70,65,80,120,100,0
"Alolan Graveler",7,"Rock","Electric",390,55,95,115,45,45,35,0
"Alolan Golem",7,"Rock","Electric",495,80,120,130,55,65,45,0
"Galarian Rapidash",8,"Psychic","Fairy",500,65,100,70,80,80,105,0
"Slowpoke",1,"Water","Psychic",315,90,65,65,40,40,15,0
"Galarian Farfetch'd",8,"Fighting","Fighting",377,52,95,55,58,62,55,0
"Seel",1,"Water","Water",325,65,45,55,45,70,45,0
"Cloyster",1,"Water","Ice",525,50,95,180,85,45,70,2
"Gengar",1,"Ghost","Poison",500,60,65,60,130,75,110,10
"Grimer",1,"Poison","Poison",325,80,80,50,40,50,25,0
"Marowak",1,"Ground","Ground",425,60,80,110,50,80,45,0
"Hitmonlee",1,"Fighting","Fighting",455,50,120,53,35,110,87,0
"Hitmonchan",1,"Fighting","Fighting",455,50,105,79,35,110,76,0
"Lickitung",1,"Normal","Normal",385,90,55,75,60,75,30,0
"Koffing",1,"Poison","Poison",340,40,65,95,60,45,35,0
"Magmar",1,"Fire","Fire",495,65,95,57,100,85,93,0
"Pinsir",1,"Bug","Bug",500,65,125,100,55,70,85,0
"Magikarp",1,"Water","Water",200,20,10,55,15,20,80,0
"Alolan Exeggutor",7,"Grass","Dragon",530,95,105,85,125,75,45,6
"Exeggutor",1,"Grass","Psychic",530,95,95,85,125,75,55,3
"Partner Eevee",1,"Normal","Normal",435,65,75,70,65,85,75,0
"Alolan Marowak",7,"Fire","Ghost",425,60,80,110,50,80,45,16
"Eevee",1,"Normal","Normal",325,55,55,50,45,65,55,0
"Vaporeon",1,"Water","Water",525,130,65,60,110,95,65,0
"Jolteon",1,"Electric","Electric",525,65,65,60,110,95,130,0
"Flareon",1,"Fire","Fire",525,65,130,60,95,110,65,0
"Porygon",1,"Normal","Normal",395,65,60,70,85,75,40,0
"Cyndaquil",2,"Fire","Fire",309,39,52,43,60,50,65,0
"Galarian Weezing",8,"Poison","Fairy",490,65,90,120,85,70,60,8
"Quilava",2,"Fire","Fire",405,58,64,58,80,65,80,0
"Typhlosion",2,"Fire","Fire",534,78,84,78,109,85,100,0
"Onix",1,"Ground","Rock",385,35,45,160,30,45,70,0
"Alolan Grimer",7,"Dark","Poison",325,80,80,50,40,50,25,0
"Doduo",1,"Normal","Flying",310,35,85,45,35,35,75,0
"Dodrio",1,"Normal","Flying",470,60,110,70,60,60,110,0
"Dewgong",1,"Water","Ice",475,90,70,80,70,95,70,0
"Gastly",1,"Ghost","Poison",310,30,35,30,100,35,80,0
"Haunter",1,"Ghost","Poison",405,45,50,45,115,55,95,0
"Alolan Muk",7,"Dark","Poison",500,105,105,75,65,100,50,0
"Hisuian Voltorb",1,"Electric","Grass",330,40,30,50,55,55,100,0
"Hisuian Electrode",1,"Electric","Grass",490,60,50,70,80,80,150,0
"Exeggcute",1,"Grass","Psychic",325,60,40,80,60,45,40,0
"Rhyhorn",1,"Ground","Rock",345,80,85,95,30,30,25,0
"Rhydon",1,"Ground","Rock",485,105,130,120,45,45,40,0
"Kangaskhan",1,"Normal","Normal",490,105,95,80,40,80,90,6
"Tangela",1,"Grass","Grass",435,65,55,115,100,40,60,0
"Horsea",1,"Water","Water",295,30,40,70,70,25,60,0
"Seadra",1,"Water","Water",440,55,65,95,95,45,85,0
"Goldeen",1,"Water","Water",320,45,67,60,35,50,63,0
"Seaking",1,"Water","Water",450,80,92,65,65,80,68,0
"Staryu",1,"Water","Water",340,30,45,55,70,55,85,0
"Gyarados",1,"Water","Flying",540,95,125,79,60,100,81,15
"Electabuzz",1,"Electric","Electric",490,65,83,57,95,85,105,0
"Lapras",1,"Water","Ice",535,130,85,80,85,95,60,61
"Totodile",2,"Water","Water",314,50,65,64,44,48,43,0
"Croconaw",2,"Water","Water",405,65,80,80,59,63,58,0
"Feraligatr",2,"Water","Water",530,85,105,100,79,83,78,0
"Sentret",2,"Normal","Normal",215,35,46,34,35,45,20,0
"Furret",2,"Normal","Normal",415,85,76,64,45,55,90,0
"Pichu",2,"Electric","Electric",205,20,40,15,35,35,60,0
"Cleffa",2,"Fairy","Fairy",218,50,25,28,45,55,15,0
"Togepi",2,"Fairy","Fairy",245,35,20,65,40,65,20,0
"Aerodactyl",1,"Rock","Flying",515,80,105,65,60,75,130,5
"Mareep",2,"Electric","Electric",280,55,40,40,65,45,35,0
"Aipom",2,"Normal","Normal",360,55,70,55,40,55,85,0
"Sunkern",2,"Grass","Grass",180,30,30,30,30,30,30,0
"Galarian Articuno",8,"Psychic","Flying",580,90,85,85,125,100,95,14
"Sunflora",2,"Grass","Grass",425,75,75,55,105,85,30,0
"Mime Galarian Mr. Mime",8,"Psychic","Ice",460,50,65,65,90,90,100,2
"Misdreavus",2,"Ghost","Ghost",435,60,60,60,85,85,85,0
"Jynx",1,"Psychic","Ice",455,65,50,35,115,95,95,0
"Kabutops",1,"Water","Rock",495,60,115,105,65,70,80,4
"Omanyte",1,"Water","Rock",355,35,40,100,90,55,35,0
"Omastar",1,"Water","Rock",495,70,60,125,115,70,55,0
"Kabuto",1,"Water","Rock",355,30,80,90,55,45,55,0
"Starmie",1,"Water","Psychic",520,60,75,85,100,85,115,0
"Mr. Mime",1,"Psychic","Fairy",460,40,45,65,100,120,90,0
"Scyther",1,"Bug","Flying",500,70,110,80,55,80,105,0
"Articuno",1,"Ice","Flying",580,90,85,100,95,125,85,4
"Galarian Zapdos",8,"Fighting","Flying",580,90,125,90,85,90,100,26
"Zapdos",1,"Electric","Flying",580,90,90,85,125,90,100,168
"Galarian Moltres",8,"Dark","Flying",580,90,85,90,100,125,90,35
"Moltres",1,"Fire","Flying",580,90,100,90,125,85,90,3
"Dratini",1,"Dragon","Dragon",300,41,64,45,50,50,50,0
"Dragonair",1,"Dragon","Dragon",420,61,84,65,70,70,70,0
"Chikorita",2,"Grass","Grass",318,45,49,65,49,65,45,0
"Bayleef",2,"Grass","Grass",405,60,62,80,63,80,60,0
"Unown",2,"Psychic","Psychic",336,48,72,48,72,48,48,0
"Wobbuffet",2,"Psychic","Psychic",405,190,33,58,33,58,33,0
"Pineco",2,"Bug","Bug",290,50,65,90,35,35,15,0
"Dunsparce",2,"Normal","Normal",415,100,70,70,65,65,45,0
"Snubbull",2,"Fairy","Fairy",300,60,80,50,40,40,30,0
"Granbull",2,"Fairy","Fairy",450,90,120,75,60,60,45,0
"Phanpy",2,"Ground","Ground",330,90,60,60,40,40,40,0
"Donphan",2,"Ground","Ground",500,90,120,120,60,60,50,0
"Stantler",2,"Normal","Normal",465,73,95,62,85,65,85,0
"Crobat",2,"Poison","Flying",535,85,90,80,70,80,130,5
"Smeargle",2,"Normal","Normal",250,55,20,35,20,45,75,0
"Tyrogue",2,"Fighting","Fighting",210,35,35,35,35,35,35,0
"Elekid",2,"Electric","Electric",360,45,63,37,65,55,95,0
"Magby",2,"Fire","Fire",365,45,75,37,70,55,83,0
"Miltank",2,"Normal","Normal",490,95,80,105,40,70,100,0
"Dragonite",1,"Flying","Dragon",600,91,134,95,100,100,80,10
"Chinchou",2,"Electric","Water",330,75,38,38,56,56,67,0
"Lanturn",2,"Electric","Water",460,125,58,58,76,76,67,0
"Hisuian Typhlosion",2,"Fire","Ghost",534,73,84,78,119,85,95,0
"Hoothoot",2,"Normal","Flying",262,60,30,30,36,56,50,0
"Noctowl",2,"Normal","Flying",452,100,50,50,86,96,70,0
"Ledyba",2,"Bug","Flying",265,40,20,30,40,80,55,0
"Ledian",2,"Bug","Flying",390,55,35,50,55,110,85,0
"Spinarak",2,"Bug","Poison",250,40,60,40,40,40,30,0
"Ariados",2,"Bug","Poison",400,70,90,70,60,70,40,0
"Igglybuff",2,"Normal","Fairy",210,90,30,15,40,20,15,0
"Togetic",2,"Fairy","Flying",405,55,40,85,80,105,40,0
"Natu",2,"Psychic","Flying",320,40,50,45,70,45,70,0
"Xatu",2,"Psychic","Flying",470,65,75,70,95,70,95,0
"Politoed",2,"Water","Water",500,90,75,75,90,100,70,7
"Flaaffy",2,"Electric","Electric",365,70,55,55,80,60,45,0
"Mightyena",3,"Dark","Dark",420,70,90,70,60,60,70,0
"Azumarill",2,"Water","Fairy",420,100,50,80,60,80,50,9
"Zigzagoon",3,"Normal","Normal",240,38,30,41,30,41,60,0
"Linoone",3,"Normal","Normal",420,78,70,61,50,61,100,0
"Wurmple",3,"Bug","Bug",195,45,45,35,20,30,20,0
"Silcoon",3,"Bug","Bug",205,50,35,55,25,25,15,0
"Cascoon",3,"Bug","Bug",205,50,35,55,25,25,15,0
"Seedot",3,"Grass","Grass",220,40,40,50,30,30,30,0
"Slowking",2,"Water","Psychic",490,95,75,80,100,110,30,2
"Makuhita",3,"Fighting","Fighting",237,72,60,30,20,30,25,0
"Hariyama",3,"Fighting","Fighting",474,144,120,60,40,60,50,0
"Nosepass",3,"Rock","Rock",375,30,45,135,45,90,30,0
"Skitty",3,"Normal","Normal",260,50,45,45,35,35,50,0
"Delcatty",3,"Normal","Normal",400,70,65,65,55,55,90,0
"Electrike",3,"Electric","Electric",295,40,45,40,65,40,65,0
"Plusle",3,"Electric","Electric",405,60,50,40,85,75,95,0
"Minun",3,"Electric","Electric",405,60,40,50,75,85,95,0
"Volbeat",3,"Bug","Bug",430,65,73,75,47,85,85,0
"Scizor",2,"Bug","Steel",500,70,130,100,55,80,65,7
"Illumise",3,"Bug","Bug",430,65,47,75,73,85,85,0
"Gulpin",3,"Poison","Poison",302,70,43,53,43,53,40,0
"Swalot",3,"Poison","Poison",467,100,73,83,73,83,55,0
"Shuckle",2,"Rock","Bug",505,20,10,230,10,230,5,7
"Steelix",2,"Ground","Steel",510,75,85,200,55,65,30,0
"Qwilfish",2,"Poison","Water",440,65,95,85,55,55,85,0
"Marill",2,"Water","Fairy",250,70,20,50,20,50,40,0
"Hoppip",2,"Grass","Flying",250,35,35,40,35,55,50,0
"Skiploom",2,"Grass","Flying",340,55,45,50,45,65,80,0
"Jumpluff",2,"Grass","Flying",460,75,55,70,55,95,110,0
"Yanma",2,"Bug","Flying",390,65,65,45,75,45,95,0
"Wooper",2,"Water","Ground",210,55,45,45,25,25,15,0
"Quagsire",2,"Water","Ground",430,95,85,85,65,65,35,0
"Murkrow",2,"Dark","Flying",405,60,85,42,85,42,91,0
"Galarian Slowking",8,"Poison","Psychic",490,95,65,80,110,110,30,0
"Girafarig",2,"Normal","Psychic",455,70,80,65,90,65,85,0
"Forretress",2,"Bug","Steel",465,75,90,140,60,60,40,0
"Gligar",2,"Ground","Flying",430,65,75,105,35,65,85,0
"Hisuian Qwilfish",2,"Dark","Poison",440,65,95,85,55,55,85,0
"Heracross",2,"Bug","Fighting",500,80,125,75,40,95,85,0
"Sneasel",2,"Dark","Ice",430,55,95,55,35,75,115,3
"Mantine",2,"Water","Flying",485,85,40,70,80,140,70,3
"Teddiursa",2,"Normal","Normal",330,60,80,50,50,50,40,0
"Kingdra",2,"Water","Dragon",540,75,95,95,95,95,85,37
"Ursaring",2,"Normal","Normal",500,90,130,75,75,75,55,0
"Slugma",2,"Fire","Fire",250,40,40,40,70,40,20,0
"Galarian Corsola",8,"Ghost","Ghost",410,60,55,100,65,100,30,0
"Remoraid",2,"Water","Water",300,35,65,35,65,35,65,0
"Octillery",2,"Water","Water",480,75,105,75,105,75,45,0
"Wailmer",3,"Water","Water",400,130,70,35,70,35,60,0
"Grumpig",3,"Psychic","Psychic",470,80,45,65,90,110,80,0
"Spinda",3,"Normal","Normal",360,60,60,60,60,60,60,0
"Trapinch",3,"Ground","Ground",290,45,100,45,45,45,10,0
"Cacnea",3,"Grass","Grass",335,50,85,40,85,40,35,0
"Zangoose",3,"Normal","Normal",458,73,115,60,60,60,90,0
"Seviper",3,"Poison","Poison",458,73,100,60,100,60,65,0
"Corphish",3,"Water","Water",308,43,80,65,50,35,35,0
"Feebas",3,"Water","Water",200,20,15,20,10,55,80,0
"Castform",3,"Normal","Normal",420,70,70,70,70,70,70,0
"Tyranitar",2,"Rock","Dark",600,100,134,110,95,100,61,24
"Castform Sunny Form",3,"Fire","Fire",420,70,70,70,70,70,70,0
"Castform Rainy Form",3,"Water","Water",420,70,70,70,70,70,70,0
"Castform Snowy Form",3,"Ice","Ice",420,70,70,70,70,70,70,0
"Kecleon",3,"Normal","Normal",440,60,90,70,60,120,40,0
"Houndour",2,"Fire","Dark",330,45,60,30,80,50,65,0
"Houndoom",2,"Fire","Dark",500,75,90,50,110,80,95,0
"Skarmory",2,"Flying","Steel",465,65,80,140,40,70,70,0
"Larvitar",2,"Ground","Rock",300,50,64,50,45,50,41,0
"Hisuian Sneasel",2,"Poison","Fighting",430,55,95,55,35,75,115,0
"Magcargo",2,"Fire","Rock",430,60,50,120,90,80,30,0
"Swinub",2,"Ice","Ground",250,50,50,40,30,30,50,0
"Piloswine",2,"Ice","Ground",450,100,100,80,60,60,50,0
"Corsola",2,"Water","Rock",410,65,55,95,65,95,35,0
"Delibird",2,"Ice","Flying",330,45,55,45,65,45,75,0
"Smoochum",2,"Psychic","Ice",305,45,30,15,85,65,65,0
"Pupitar",2,"Ground","Rock",410,70,84,70,65,70,51,0
"Sceptile",3,"Grass","Grass",530,70,85,65,105,85,120,5
"Shuppet",3,"Ghost","Ghost",295,44,75,35,63,33,45,0
"Banette",3,"Ghost","Ghost",455,64,115,65,83,63,65,0
"Duskull",3,"Ghost","Ghost",295,20,40,90,30,90,25,0
"Primal Kyogre",6,"Water","Water",770,100,150,90,180,160,90,0
"Blaziken",3,"Fire","Fighting",530,80,120,70,110,70,80,6
"Deoxys Defense Forme",3,"Psychic","Psychic",600,50,70,160,70,160,90,0
"Deoxys Attack Forme",3,"Psychic","Psychic",600,50,180,20,180,20,150,0
"Deoxys Normal Forme",3,"Psychic","Psychic",600,50,150,50,150,50,150,0
"Swampert",3,"Water","Ground",535,100,110,90,85,90,60,7
"Deoxys Speed Forme",3,"Psychic","Psychic",600,50,95,90,95,90,180,0
"Turtwig",4,"Grass","Grass",318,55,68,64,45,55,31,0
"Grotle",4,"Grass","Grass",405,75,89,85,55,65,36,0
"Chimchar",4,"Fire","Fire",309,44,58,44,58,44,61,0
"Piplup",4,"Water","Water",314,53,51,53,61,56,40,0
"Prinplup",4,"Water","Water",405,64,66,68,81,76,50,0
"Bidoof",4,"Normal","Normal",250,59,45,40,35,40,31,0
"Ludicolo",3,"Water","Grass",480,80,70,70,90,100,70,16
"Kricketot",4,"Bug","Bug",194,37,25,41,25,41,25,0
"Shiftry",3,"Grass","Dark",480,90,100,60,90,60,80,3
"Pelipper",3,"Water","Flying",440,60,50,100,95,70,65,8
"Kricketune",4,"Bug","Bug",384,77,85,51,55,51,65,0
"Shinx",4,"Electric","Electric",263,45,65,34,40,34,45,0
"Luxio",4,"Electric","Electric",363,60,85,49,60,49,60,0
"Cranidos",4,"Rock","Rock",350,67,125,40,30,30,58,0
"Rampardos",4,"Rock","Rock",495,97,165,60,65,50,58,0
"Burmy Plant Cloak",4,"Bug","Bug",224,40,29,45,29,45,36,0
"Burmy Sandy Cloak",4,"Bug","Bug",224,40,29,45,29,45,36,0
"Combusken",3,"Fire","Fighting",405,60,85,60,85,60,55,0
"Marshtomp",3,"Water","Ground",405,70,85,70,60,70,50,0
"Galarian Zigzagoon",8,"Dark","Normal",240,38,30,41,30,41,60,0
"Galarian Linoone",8,"Dark","Normal",420,78,70,61,50,61,100,0
"Beautifly",3,"Bug","Flying",395,60,70,50,100,50,65,0
"Dustox",3,"Bug","Poison",385,60,50,70,50,90,65,0
"Lotad",3,"Water","Grass",220,40,30,30,40,50,30,0
"Lombre",3,"Water","Grass",340,60,50,50,60,70,50,0
"Nuzleaf",3,"Grass","Dark",340,70,70,40,60,40,60,0
"Taillow",3,"Normal","Flying",270,40,55,30,30,30,85,0
"Swellow",3,"Normal","Flying",455,60,85,60,75,50,125,0
"Wingull",3,"Water","Flying",270,40,30,30,55,30,85,0
"Ralts",3,"Psychic","Fairy",198,28,25,25,45,35,40,0
"Shedinja",3,"Bug","Ghost",236,1,90,45,30,30,40,42
"Shroomish",3,"Grass","Grass",295,60,40,60,40,60,35,0
"Slakoth",3,"Normal","Normal",280,60,60,60,35,35,30,0
"Vigoroth",3,"Normal","Normal",440,80,80,80,55,55,90,0
"Slaking",3,"Normal","Normal",670,150,160,100,95,65,100,0
"Whismur",3,"Normal","Normal",240,64,51,23,51,23,28,0
"Loudred",3,"Normal","Normal",360,84,71,43,71,43,48,0
"Exploud",3,"Normal","Normal",490,104,91,63,91,73,68,0
"Burmy Trash Cloak",4,"Bug","Bug",224,40,29,45,29,45,36,0
"Pachirisu",4,"Electric","Electric",405,60,45,70,45,90,95,0
"Buizel",4,"Water","Water",330,55,65,35,60,30,85,0
"Floatzel",4,"Water","Water",495,85,105,55,85,50,115,0
"Cherubi",4,"Grass","Grass",275,45,35,45,62,53,35,0
"Mismagius",4,"Ghost","Ghost",495,60,60,60,105,105,105,0
"Glameow",4,"Normal","Normal",310,49,55,42,42,37,85,0
"Purugly",4,"Normal","Normal",452,71,82,64,64,59,112,0
"Chingling",4,"Psychic","Psychic",285,45,30,50,65,50,45,0
"Bonsly",4,"Rock","Rock",290,50,80,95,10,45,10,0
"Happiny",4,"Normal","Normal",220,100,5,5,15,65,30,0
"Munchlax",4,"Normal","Normal",390,135,85,40,40,85,5,0
"Hippopotas",4,"Ground","Ground",330,68,72,78,38,42,32,0
"Hippowdon",4,"Ground","Ground",525,108,112,118,68,72,47,0
"Sableye",3,"Ghost","Dark",380,50,75,75,65,65,50,47
"Mawile",3,"Fairy","Steel",380,50,85,85,55,55,50,0
"Meditite",3,"Psychic","Fighting",280,30,40,55,40,55,60,0
"Medicham",3,"Psychic","Fighting",410,60,60,75,60,75,80,0
"Breloom",3,"Grass","Fighting",460,60,130,80,60,60,70,0
"Nincada",3,"Bug","Ground",266,31,45,90,30,30,40,0
"Ninjask",3,"Bug","Flying",456,61,90,45,50,50,160,0
"Azurill",3,"Normal","Fairy",190,50,20,40,20,40,20,0
"Aron",3,"Steel","Rock",330,50,70,100,40,40,30,0
"Lairon",3,"Steel","Rock",430,60,90,140,50,50,40,0
"Aggron",3,"Steel","Rock",530,70,110,180,60,60,50,0
"Roselia",3,"Grass","Poison",400,50,60,45,100,80,65,0
"Carvanha",3,"Water","Dark",305,45,90,20,65,20,65,0
"Sharpedo",3,"Water","Dark",460,70,120,40,95,40,95,0
"Torkoal",3,"Fire","Fire",470,70,85,140,85,70,20,63
"Wailord",3,"Water","Water",500,170,90,45,90,45,60,0
"Spoink",3,"Psychic","Psychic",330,60,25,35,70,80,60,0
"Carnivine",4,"Grass","Grass",454,74,100,72,90,72,46,0
"Finneon",4,"Water","Water",330,49,49,56,49,61,66,0
"Lumineon",4,"Water","Water",460,69,69,76,69,86,91,0
"Dusknoir",4,"Ghost","Ghost",525,45,100,135,65,135,45,0
"Uxie",4,"Psychic","Psychic",580,75,75,130,75,130,95,0
"Mesprit",4,"Psychic","Psychic",580,80,105,105,105,105,80,0
"Cradily",3,"Rock","Grass",495,86,81,97,81,107,43,11
"Azelf",4,"Psychic","Psychic",580,75,125,70,125,70,115,0
"Phione",4,"Water","Water",480,80,80,80,80,80,80,0
"Manaphy",4,"Water","Water",600,100,100,100,100,100,100,0
"Darkrai",4,"Dark","Dark",600,70,90,90,135,90,125,0
"Shaymin Land Forme",4,"Grass","Grass",600,100,100,100,100,100,100,0
"Arceus",4,"Normal","Normal",720,120,120,120,120,120,120,0
"Snivy",5,"Grass","Grass",308,45,45,55,45,55,63,0
"Servine",5,"Grass","Grass",413,60,60,75,60,75,83,0
"Serperior",5,"Grass","Grass",528,75,75,95,75,95,113,0
"Tepig",5,"Fire","Fire",308,65,63,45,45,45,45,0
"Oshawott",5,"Water","Water",308,55,55,45,63,45,45,0
"Dewott",5,"Water","Water",413,75,75,60,83,60,60,0
"Samurott",5,"Water","Water",528,95,100,85,108,70,70,0
"Altaria",3,"Flying","Dragon",490,75,70,90,70,105,80,3
"Patrat",5,"Normal","Normal",255,45,55,39,35,39,42,0
"Numel",3,"Fire","Ground",305,60,60,40,65,45,35,0
"Camerupt",3,"Fire","Ground",460,70,100,70,105,75,40,0
"Vibrava",3,"Ground","Dragon",340,50,70,50,50,50,70,0
"Flygon",3,"Ground","Dragon",520,80,100,80,80,80,100,0
"Cacturne",3,"Grass","Dark",475,70,115,60,115,60,55,0
"Swablu",3,"Normal","Flying",310,45,40,60,40,75,50,0
"Lunatone",3,"Rock","Psychic",460,90,55,65,95,85,70,0
"Solrock",3,"Rock","Psychic",460,90,95,85,55,65,70,0
"Barboach",3,"Water","Ground",288,50,48,43,46,41,60,0
"Whiscash",3,"Water","Ground",468,110,78,73,76,71,60,0
"Crawdaunt",3,"Water","Dark",468,63,120,85,90,55,55,0
"Baltoy",3,"Ground","Psychic",300,40,40,55,40,70,55,0
"Claydol",3,"Ground","Psychic",500,60,70,105,70,120,75,0
"Lileep",3,"Rock","Grass",355,66,41,77,61,87,23,0
"Anorith",3,"Rock","Bug",355,45,95,50,40,50,75,0
"Armaldo",3,"Rock","Bug",495,75,125,100,70,80,45,0
"Registeel",3,"Steel","Steel",580,80,75,150,75,150,50,3
"Chimecho",3,"Psychic","Psychic",455,75,50,80,95,90,65,0
"Absol",3,"Dark","Dark",465,65,130,60,75,60,75,0
"Wynaut",3,"Psychic","Psychic",260,95,23,48,23,48,23,0
"Snorunt",3,"Ice","Ice",300,50,50,50,50,50,50,0
"Glalie",3,"Ice","Ice",480,80,80,80,80,80,80,0
"Clamperl",3,"Water","Water",345,35,64,85,74,55,32,0
"Huntail",3,"Water","Water",485,55,104,105,94,75,52,0
"Gorebyss",3,"Water","Water",485,55,84,105,114,75,52,0
"Watchog",5,"Normal","Normal",420,60,85,69,60,69,77,0
"Lillipup",5,"Normal","Normal",275,45,60,45,25,45,55,0
"Herdier",5,"Normal","Normal",370,65,80,65,35,65,60,0
"Stoutland",5,"Normal","Normal",500,85,110,90,45,90,80,0
"Purrloin",5,"Dark","Dark",281,41,50,37,50,37,66,0
"Pansage",5,"Grass","Grass",316,50,53,48,53,48,64,0
"Simisage",5,"Grass","Grass",498,75,98,63,98,63,101,0
"Pansear",5,"Fire","Fire",316,50,53,48,53,48,64,0
"Simisear",5,"Fire","Fire",498,75,98,63,98,63,101,0
"Panpour",5,"Water","Water",316,50,53,48,53,48,64,0
"Simipour",5,"Water","Water",498,75,98,63,98,63,101,0
"Munna",5,"Psychic","Psychic",292,76,25,45,67,55,24,0
"Musharna",5,"Psychic","Psychic",487,116,55,85,107,95,29,0
"Salamence",3,"Flying","Dragon",600,95,135,80,110,80,100,8
"Latias",3,"Psychic","Dragon",600,80,80,90,110,130,110,6
"Latios",3,"Psychic","Dragon",600,80,90,80,130,110,110,0
"Metagross",3,"Psychic","Steel",600,80,135,130,95,90,70,27
"Beldum",3,"Psychic","Steel",300,40,55,80,35,60,30,0
"Metang",3,"Psychic","Steel",420,60,75,100,55,80,50,0
"Spheal",3,"Water","Ice",290,70,40,50,55,50,25,0
"Sealeo",3,"Water","Ice",410,90,60,70,75,70,45,0
"Walrein",3,"Water","Ice",530,110,80,90,95,90,65,0
"Primal Groudon",6,"Fire","Ground",770,100,180,160,150,90,90,0
"Tropius",3,"Grass","Flying",460,99,68,83,72,87,51,0
"Relicanth",3,"Water","Rock",485,100,90,130,45,65,55,0
"Blitzle",5,"Electric","Electric",295,45,60,32,50,32,76,0
"Zebstrika",5,"Electric","Electric",497,75,100,63,80,63,116,0
"Roggenrola",5,"Rock","Rock",280,55,75,85,25,25,15,0
"Boldore",5,"Rock","Rock",390,70,105,105,50,40,20,0
"Timburr",5,"Fighting","Fighting",305,75,80,55,25,35,35,0
"Gurdurr",5,"Fighting","Fighting",405,85,105,85,40,50,40,0
"Tympole",5,"Water","Water",294,50,50,40,50,40,64,0
"Throh",5,"Fighting","Fighting",465,120,100,85,30,85,45,0
"Sawk",5,"Fighting","Fighting",465,75,125,75,30,75,85,0
"Petilil",5,"Grass","Grass",280,45,35,50,70,50,30,0
"Lilligant",5,"Grass","Grass",480,70,60,75,110,75,90,0
"Basculin White-Striped Form",5,"Water","Water",460,70,92,65,80,55,98,0
"Basculin Blue-Striped Form",5,"Water","Water",460,70,92,65,80,55,98,0
"Basculin Red-Striped Form",5,"Water","Water",460,70,92,65,80,55,98,0
"Galarian Darumaka",8,"Ice","Ice",315,70,90,45,15,45,50,0
"Darumaka",5,"Fire","Fire",315,70,90,45,15,45,50,0
"Maractus",5,"Grass","Grass",461,75,86,67,106,67,60,0
"Cofagrigus",5,"Ghost","Ghost",483,58,50,145,95,105,30,0
"Trubbish",5,"Poison","Poison",329,50,50,62,40,62,65,0
"Zorua",5,"Dark","Dark",330,40,65,40,80,40,65,0
"Zoroark",5,"Dark","Dark",510,60,105,60,120,60,105,0
"Minccino",5,"Normal","Normal",300,55,50,40,40,40,75,0
"Gothita",5,"Psychic","Psychic",290,45,30,50,55,65,45,0
"Gothorita",5,"Psychic","Psychic",390,60,45,70,75,85,55,0
"Torterra",4,"Grass","Ground",525,95,109,105,75,85,56,0
"Monferno",4,"Fire","Fighting",405,64,78,52,78,52,81,0
"Infernape",4,"Fire","Fighting",534,76,104,71,104,71,108,0
"Empoleon",4,"Water","Steel",530,84,86,88,111,101,60,0
"Starly",4,"Normal","Flying",245,40,55,30,30,30,60,0
"Staravia",4,"Normal","Flying",340,55,75,50,40,40,80,0
"Staraptor",4,"Normal","Flying",485,85,120,70,50,60,100,0
"Bibarel",4,"Normal","Water",410,79,85,60,55,60,71,0
"Budew",4,"Grass","Poison",280,40,30,35,50,70,55,0
"Roserade",4,"Grass","Poison",515,60,70,65,125,105,90,0
"Wormadam Plant Cloak",4,"Bug","Grass",424,60,59,85,79,105,36,0
"Wormadam Sandy Cloak",4,"Bug","Ground",424,60,79,105,59,85,36,0
"Wormadam Trash Cloak",4,"Bug","Steel",424,60,69,95,69,95,36,0
"Mothim",4,"Bug","Flying",424,70,94,50,94,50,66,0
"Combee",4,"Bug","Flying",244,30,30,42,30,42,70,0
"Vespiquen",4,"Bug","Flying",474,70,80,102,80,102,40,0
"Solosis",5,"Psychic","Psychic",290,45,30,40,105,50,20,0
"Gastrodon",4,"Water","Ground",475,111,83,68,92,82,39,396
"Drifblim",4,"Ghost","Flying",498,150,80,44,90,54,80,3
"Shellos",4,"Water","Water",325,76,48,48,57,62,34,0
"Ambipom",4,"Normal","Normal",482,75,100,66,60,66,115,0
"Duosion",5,"Psychic","Psychic",370,65,40,50,125,60,30,0
"Reuniclus",5,"Psychic","Psychic",490,110,65,75,125,85,30,0
"Vanillite",5,"Ice","Ice",305,36,50,50,65,60,44,0
"Vanillish",5,"Ice","Ice",395,51,65,65,80,75,59,0
"Vanilluxe",5,"Ice","Ice",535,71,95,85,110,95,79,0
"Karrablast",5,"Bug","Bug",315,50,75,45,40,45,60,0
"Alomomola",5,"Water","Water",470,165,75,80,40,45,65,0
"Klink",5,"Steel","Steel",300,40,55,70,45,60,30,0
"Klang",5,"Steel","Steel",440,60,80,95,70,85,50,0
"Tynamo",5,"Electric","Electric",275,35,55,40,45,40,60,0
"Eelektrik",5,"Electric","Electric",405,65,85,70,75,70,40,0
"Lucario",4,"Fighting","Steel",525,70,110,70,115,70,90,9
"Eelektross",5,"Electric","Electric",515,85,115,80,105,80,50,0
"Elgyem",5,"Psychic","Psychic",335,55,55,55,85,55,30,0
"Toxicroak",4,"Poison","Fighting",490,83,106,65,86,65,85,2
"Beheeyem",5,"Psychic","Psychic",485,75,75,75,125,95,40,0
"Axew",5,"Dragon","Dragon",320,46,87,60,30,40,57,0
"Fraxure",5,"Dragon","Dragon",410,66,117,70,40,50,67,0
"Haxorus",5,"Dragon","Dragon",540,76,147,90,60,70,97,0
"Garchomp",4,"Ground","Dragon",600,108,130,95,80,85,102,15
"Gible",4,"Ground","Dragon",300,58,70,45,40,45,42,0
"Bronzong",4,"Psychic","Steel",500,67,89,116,79,116,33,27
"Drifloon",4,"Ghost","Flying",348,90,50,34,60,44,70,0
"Honchkrow",4,"Dark","Flying",505,100,125,52,105,52,71,0
"Skorupi",4,"Bug","Poison",330,40,50,90,30,55,65,0
"Mime Jr.",4,"Psychic","Fairy",310,20,25,45,70,90,60,0
"Chatot",4,"Normal","Flying",411,76,65,45,92,42,91,0
"Spiritomb",4,"Ghost","Dark",485,50,92,108,92,108,35,0
"Bronzor",4,"Psychic","Steel",300,57,24,86,24,86,23,0
"Stunky",4,"Dark","Poison",329,63,63,47,41,41,74,0
"Skuntank",4,"Dark","Poison",479,103,93,67,71,61,84,0
"Croagunk",4,"Poison","Fighting",300,48,61,40,61,40,50,0
"Mantyke",4,"Water","Flying",345,45,20,50,60,120,50,0
"Snover",4,"Grass","Ice",334,60,62,50,62,60,40,0
"Drapion",4,"Dark","Poison",500,70,90,110,60,75,95,0
"Abomasnow",4,"Grass","Ice",494,90,92,75,92,85,60,5
"Electivire",4,"Electric","Electric",540,75,123,67,95,85,95,3
"Weavile",4,"Dark","Ice",510,70,120,65,45,85,125,14
"Rhyperior",4,"Ground","Rock",535,115,140,130,55,55,40,9
"Togekiss",4,"Fairy","Flying",545,85,50,95,120,115,80,39
"Mamoswine",4,"Ice","Ground",530,110,130,80,70,60,80,16
"Leafeon",4,"Grass","Grass",525,65,110,130,60,65,95,5
"Glaceon",4,"Ice","Ice",525,65,60,110,130,95,65,1
"Lickilicky",4,"Normal","Normal",515,110,85,95,80,95,50,0
"Froslass",4,"Ice","Ghost",480,70,80,70,80,70,110,4
"Wash Rotom",4,"Electric","Water",520,50,65,107,105,107,86,16
"Heat Rotom",4,"Electric","Fire",520,50,65,107,105,107,86,43
"Mow Rotom",4,"Electric","Grass",520,50,65,107,105,107,86,3
"Tangrowth",4,"Grass","Grass",535,100,100,125,110,50,50,0
"Magmortar",4,"Fire","Fire",540,75,95,67,125,95,83,0
"Cubchoo",5,"Ice","Ice",305,55,70,40,60,40,40,0
"Beartic",5,"Ice","Ice",505,95,130,80,70,80,50,0
"Cryogonal",5,"Ice","Ice",515,80,50,50,95,135,105,0
"Heatran",4,"Fire","Steel",600,91,90,106,130,106,77,9
"Shelmet",5,"Bug","Bug",305,50,40,85,40,65,25,0
"Giratina Origin Forme",4,"Ghost","Dragon",680,150,120,100,120,100,90,16
"Giratina Altered Forme",4,"Ghost","Dragon",680,150,100,120,100,120,90,9
"Mienfoo",5,"Fighting","Fighting",350,45,85,50,55,50,65,0
"Druddigon",5,"Dragon","Dragon",485,77,120,90,60,90,48,0
"Probopass",4,"Steel","Rock",525,60,55,145,75,150,40,0
"Bouffalant",5,"Normal","Normal",490,95,110,95,40,95,55,0
"Magnezone",4,"Electric","Steel",535,70,70,115,130,90,60,0
"Yanmega",4,"Bug","Flying",515,86,76,86,116,56,95,0
"Gliscor",4,"Ground","Flying",510,75,95,125,45,75,95,0
"Gallade",4,"Psychic","Fighting",518,68,125,65,65,115,80,0
"Fan Rotom",4,"Electric","Flying",520,50,65,107,105,107,86,0
"Frost Rotom",4,"Electric","Ice",520,50,65,107,105,107,86,0
"Rotom",4,"Electric","Ghost",440,50,50,77,95,77,91,0
"Dialga Origin Forme",4,"Steel","Dragon",680,100,100,120,150,120,90,0
"Palkia Origin Forme",4,"Water","Dragon",680,90,100,100,150,120,120,0
"Cresselia",4,"Psychic","Psychic",600,120,70,120,75,130,85,10
"Heatmor",5,"Fire","Fire",484,85,97,66,105,66,65,0
"Scatterbug",6,"Bug","Bug",200,38,35,40,27,25,35,0
"Bunnelby",6,"Normal","Normal",237,38,36,38,32,36,57,0
"Spewpa",6,"Bug","Bug",213,45,22,60,27,30,29,0
"Flabébé",6,"Fairy","Fairy",303,44,38,39,61,79,42,0
"Floette",6,"Fairy","Fairy",371,54,45,47,75,98,52,0
"Florges",6,"Fairy","Fairy",552,78,65,68,112,154,75,0
"Skiddo",6,"Grass","Grass",350,66,65,48,62,57,52,0
"Gogoat",6,"Grass","Grass",531,123,100,62,97,81,68,0
"Pancham",6,"Fighting","Fighting",348,67,82,62,46,48,43,0
"Furfrou",6,"Normal","Normal",472,75,80,60,65,90,102,0
"Espurr",6,"Psychic","Psychic",355,62,48,54,63,60,68,0
"Meowstic Female",6,"Psychic","Psychic",466,74,48,76,83,81,104,0
"Spritzee",6,"Fairy","Fairy",341,78,52,60,63,65,23,0
"Aromatisse",6,"Fairy","Fairy",462,101,72,72,99,89,29,0
"Swirlix",6,"Fairy","Fairy",341,62,48,66,59,57,49,0
"Slurpuff",6,"Fairy","Fairy",480,82,80,86,85,75,72,0
"Clauncher",6,"Water","Water",330,50,53,62,58,63,44,0
"Clawitzer",6,"Water","Water",500,71,73,88,120,89,59,0
"Brionne",7,"Water","Water",420,60,69,69,91,81,50,0
"Yungoos",7,"Normal","Normal",253,48,70,30,30,30,45,0
"Gumshoos",7,"Normal","Normal",418,88,110,60,55,60,45,0
"Grubbin",7,"Bug","Bug",300,47,62,45,55,45,46,0
"Crabrawler",7,"Fighting","Fighting",338,47,82,57,42,47,63,0
"Rockruff",7,"Rock","Rock",280,45,65,40,30,40,60,0
"Own Tempo Rockruff",7,"Rock","Rock",280,45,65,40,30,40,60,0
"Lycanroc Midday Form",7,"Rock","Rock",487,75,115,65,55,65,112,0
"Lycanroc Midnight Form",7,"Rock","Rock",487,85,115,75,55,75,82,0
"Lycanroc Dusk Form",7,"Rock","Rock",487,75,117,65,55,65,110,0
"Wishiwashi School Form",7,"Water","Water",620,45,140,130,140,135,30,0
"Mudbray",7,"Ground","Ground",385,70,100,70,45,55,45,0
"Fomantis",7,"Grass","Grass",250,40,55,35,50,35,35,0
"Swoobat",5,"Psychic","Flying",425,67,57,55,77,55,114,2
"Shaymin Sky Forme",4,"Grass","Flying",600,100,103,75,120,75,127,0
"Pignite",5,"Fire","Fighting",418,90,93,55,70,55,55,0
"Emboar",5,"Fire","Fighting",528,110,123,65,100,65,65,0
"Hisuian Samurott",5,"Water","Dark",528,90,108,80,100,65,85,0
"Pidove",5,"Normal","Flying",264,50,55,50,36,30,43,0
"Tranquill",5,"Normal","Flying",358,62,77,62,50,42,65,0
"Unfezant",5,"Normal","Flying",488,80,115,80,65,55,93,0
"Woobat",5,"Psychic","Flying",323,65,45,43,55,43,72,0
"Excadrill",5,"Ground","Steel",508,110,135,60,50,65,88,10
"Drilbur",5,"Ground","Ground",328,60,85,40,30,45,68,0
"Audino",5,"Normal","Normal",445,103,60,86,60,86,50,0
"Type: Null",7,"Normal","Normal",534,95,95,95,95,95,59,0
"Komala",7,"Normal","Normal",480,65,115,65,75,95,65,0
"Jangmo-o",7,"Dragon","Dragon",300,45,55,65,45,45,45,0
"Seismitoad",5,"Water","Ground",509,105,95,75,85,75,74,59
"Corvisquire",8,"Flying","Flying",365,68,67,55,43,55,77,0
"Blipbug",8,"Bug","Bug",180,25,20,20,25,45,45,0
"Whimsicott",5,"Grass","Fairy",480,60,67,85,77,75,116,425
"Nickit",8,"Dark","Dark",245,40,28,28,47,52,50,0
"Thievul",8,"Dark","Dark",455,70,58,58,87,92,90,0
"Rolycoly",8,"Rock","Rock",240,30,40,50,40,50,30,0
"Silicobra",8,"Ground","Ground",315,52,57,75,35,50,46,0
"Sandaconda",8,"Ground","Ground",510,72,107,125,65,70,71,0
"Krookodile",5,"Ground","Dark",519,95,117,80,65,70,92,11
"Arrokuda",8,"Water","Water",280,41,63,40,40,30,66,0
"Clobbopus",8,"Fighting","Fighting",310,50,68,60,50,50,32,0
"Grapploct",8,"Fighting","Fighting",480,80,118,90,70,80,42,0
"Sinistea",8,"Ghost","Ghost",308,40,45,45,74,54,50,0
"Polteageist",8,"Ghost","Ghost",508,60,65,65,134,114,70,0
"Hatenna",8,"Psychic","Psychic",265,42,30,45,56,53,39,0
"Hattrem",8,"Psychic","Psychic",370,57,40,65,86,73,49,0
"Palpitoad",5,"Water","Ground",384,75,65,55,65,55,69,0
"Sewaddle",5,"Bug","Grass",310,45,53,70,40,60,42,0
"Swadloon",5,"Bug","Grass",380,55,63,90,50,80,42,0
"Leavanny",5,"Bug","Grass",500,75,103,80,70,80,92,0
"Venipede",5,"Bug","Poison",260,30,45,59,30,39,57,0
"Whirlipede",5,"Bug","Poison",360,40,55,99,40,79,47,0
"Scolipede",5,"Bug","Poison",485,60,100,89,55,69,112,0
"Cottonee",5,"Grass","Fairy",280,40,27,60,37,50,66,0
"Hisuian Lilligant",5,"Grass","Fighting",480,70,105,75,50,75,105,0
"Sandile",5,"Ground","Dark",292,50,72,35,35,35,65,0
"Krokorok",5,"Ground","Dark",351,60,82,45,45,45,74,0
"Darmanitan Galarian Zen Mode",8,"Ice","Fire",540,105,160,55,30,55,135,0
"Darmanitan Zen Mode",5,"Fire","Psychic",540,105,30,105,140,105,55,0
"Scraggy",5,"Fighting","Dark",348,50,75,70,35,70,48,0
"Dwebble",5,"Rock","Bug",325,50,65,85,35,35,55,0
"Crustle",5,"Rock","Bug",485,70,105,125,65,75,45,0
"Falinks",8,"Fighting","Fighting",470,65,100,100,70,60,75,0
"Yamask",5,"Ghost","Ghost",303,38,30,85,55,65,30,0
"Eiscue Noice Face",8,"Ice","Ice",470,75,80,70,65,50,130,0
"Eiscue Ice Face",8,"Ice","Ice",470,75,80,110,65,90,50,0
"Cufant",8,"Steel","Steel",330,72,80,49,40,49,40,0
"Copperajah",8,"Steel","Steel",500,122,130,69,80,69,30,0
"Zacian Hero of Many Battles",8,"Fairy","Fairy",670,92,130,115,80,115,138,0
"Zamazenta Hero of Many Battles",8,"Fighting","Fighting",670,92,130,115,80,115,138,0
"Scrafty",5,"Fighting","Dark",488,65,90,115,45,115,58,6
"Escavalier",5,"Bug","Steel",495,70,135,105,60,105,20,9
"Amoonguss",5,"Grass","Poison",464,114,85,70,85,80,30,350
"Jellicent",5,"Water","Ghost",480,100,60,70,85,105,60,6
"Sigilyph",5,"Psychic","Flying",490,72,58,80,103,80,97,0
"Galarian Yamask",8,"Ground","Ghost",303,38,55,85,30,65,30,0
"Tirtouga",5,"Water","Rock",355,54,78,103,53,45,22,0
"Carracosta",5,"Water","Rock",495,74,108,133,83,65,32,0
"Archen",5,"Rock","Flying",401,55,112,45,74,45,70,0
"Archeops",5,"Rock","Flying",567,75,140,65,112,65,110,0
"Hisuian Zorua",5,"Normal","Ghost",330,35,60,40,85,40,70,0
"Hisuian Zoroark",5,"Normal","Ghost",510,55,100,60,125,60,110,0
"Ducklett",5,"Water","Flying",305,62,44,50,44,50,55,0
"Swanna",5,"Water","Flying",473,75,87,63,87,63,98,0
"Deerling",5,"Normal","Grass",335,60,60,50,40,50,75,0
"Sawsbuck",5,"Normal","Grass",475,80,100,70,60,70,95,0
"Emolga",5,"Electric","Flying",428,55,75,60,75,60,103,0
"Foongus",5,"Grass","Poison",294,69,55,45,55,55,15,0
"Frillish",5,"Water","Ghost",335,55,40,50,65,85,40,0
"Joltik",5,"Bug","Electric",319,50,47,50,57,50,65,0
"Galvantula",5,"Bug","Electric",472,70,77,60,97,60,108,0
"Ferrothorn",5,"Grass","Steel",489,74,94,131,54,116,20,131
"Chandelure",5,"Fire","Ghost",520,60,55,90,145,90,80,9
"Litwick",5,"Fire","Ghost",275,50,30,55,65,55,20,0
"Lampent",5,"Fire","Ghost",370,60,40,60,95,60,55,0
"Bisharp",5,"Dark","Steel",490,65,125,100,60,70,70,10
"Mandibuzz",5,"Dark","Flying",510,110,65,105,55,95,80,3
"Durant",5,"Bug","Steel",484,58,109,112,48,48,109,4
"Ferroseed",5,"Grass","Steel",305,44,50,91,24,86,10,0
"Stunfisk",5,"Ground","Electric",471,109,66,84,81,99,32,0
"Galarian Stunfisk",8,"Ground","Steel",471,109,81,99,66,84,32,0
"Golett",5,"Ground","Ghost",303,59,74,50,35,50,35,0
"Golurk",5,"Ground","Ghost",483,89,124,80,55,80,55,0
"Pawniard",5,"Dark","Steel",340,45,85,70,40,40,60,0
"Rufflet",5,"Normal","Flying",350,70,83,50,37,50,60,0
"Hisuian Braviary",5,"Psychic","Flying",510,110,83,70,112,70,65,0
"Braviary",5,"Normal","Flying",510,100,123,75,57,75,80,0
"Vullaby",5,"Dark","Flying",370,70,55,75,45,65,60,0
"Deino",5,"Dark","Dragon",300,52,65,50,45,50,38,0
"Zweilous",5,"Dark","Dragon",420,72,85,70,65,70,58,0
"Hydreigon",5,"Dark","Dragon",600,92,105,90,125,90,98,13
"Terrakion",5,"Rock","Fighting",580,91,129,90,72,90,108,5
"Tornadus Incarnate Forme",5,"Flying","Flying",580,79,115,70,125,80,111,191
"Thundurus Therian Forme",5,"Electric","Flying",580,79,105,70,145,80,101,9
"Thundurus Incarnate Forme",5,"Electric","Flying",580,79,115,70,125,80,111,352
"Volcarona",5,"Fire","Bug",550,85,60,65,135,105,100,28
"Larvesta",5,"Fire","Bug",360,55,85,55,50,55,60,0
"Landorus Incarnate Forme",5,"Ground","Flying",600,89,125,90,115,80,101,23
"Landorus Therian Forme",5,"Ground","Flying",600,89,145,90,105,80,91,369
"Cobalion",5,"Fighting","Steel",580,91,90,129,90,72,108,6
"Black Kyurem",5,"Dragon","Ice",700,125,170,100,120,90,95,7
"White Kyurem",5,"Dragon","Ice",700,125,120,90,170,100,95,95
"Diggersby",6,"Normal","Ground",423,85,56,77,50,77,78,1
"Talonflame",6,"Fire","Flying",499,78,81,71,74,69,126,22
"Virizion",5,"Grass","Fighting",580,91,90,72,90,129,108,0
"Meloetta Pirouette Forme",5,"Normal","Fighting",600,100,128,90,77,77,128,0
"Meloetta Aria Forme",5,"Normal","Psychic",600,100,77,77,128,128,90,0
"Chesnaught",6,"Grass","Fighting",530,88,107,122,74,75,64,0
"Delphox",6,"Fire","Psychic",534,75,69,72,114,100,104,0
"Greninja",6,"Water","Dark",530,72,95,67,103,71,122,0
"Ash-Greninja",6,"Water","Dark",640,72,145,67,153,71,132,0
"Fletchling",6,"Normal","Flying",278,45,50,43,40,38,62,0
"Binacle",6,"Water","Rock",306,42,52,67,39,56,50,0
"Barbaracle",6,"Water","Rock",500,72,105,115,54,86,68,0
"Amaura",6,"Ice","Rock",362,77,59,50,67,63,46,0
"Aurorus",6,"Ice","Rock",521,123,77,72,99,92,58,0
"Aegislash Shield Forme",6,"Steel","Ghost",500,60,50,140,50,140,60,10
"Heliolisk",6,"Electric","Normal",481,62,55,52,109,94,109,8
"Tyrantrum",6,"Rock","Dragon",521,82,121,119,69,59,71,918
"Hawlucha",6,"Fighting","Flying",500,78,92,75,74,63,118,3
"Vivillon",6,"Bug","Flying",411,80,52,50,90,50,89,0
"Litleo",6,"Fire","Normal",369,62,50,58,73,54,72,0
"Pyroar",6,"Fire","Normal",507,86,68,72,109,66,106,0
"Pangoro",6,"Fighting","Dark",495,95,124,78,69,71,58,0
"Honedge",6,"Steel","Ghost",325,45,80,100,35,37,28,0
"Doublade",6,"Steel","Ghost",448,59,110,150,45,49,35,0
"Aegislash Blade Forme",6,"Steel","Ghost",500,60,140,50,140,50,60,0
"Inkay",6,"Dark","Psychic",288,53,54,53,37,46,45,0
"Malamar",6,"Dark","Psychic",482,86,92,88,68,75,73,0
"Skrelp",6,"Poison","Water",320,50,60,60,60,60,30,0
"Dragalge",6,"Poison","Dragon",494,65,75,90,97,123,44,0
"Helioptile",6,"Electric","Normal",289,44,38,33,61,43,70,0
"Tyrunt",6,"Rock","Dragon",362,58,89,77,45,45,48,0
"Dedenne",6,"Electric","Fairy",431,67,58,57,81,67,101,0
"Goodra",6,"Dragon","Dragon",600,90,100,70,110,150,80,6
"Zygarde Complete Forme",6,"Ground","Dragon",708,216,100,121,91,95,85,42
"Klefki",6,"Fairy","Steel",470,57,80,91,80,87,75,5
"Trevenant",6,"Grass","Ghost",474,85,110,76,65,82,56,2
"Phantump",6,"Grass","Ghost",309,43,70,48,50,60,38,0
"Pumpkaboo Super Size",6,"Grass","Ghost",335,59,66,70,44,55,41,0
"Pumpkaboo Large Size",6,"Grass","Ghost",335,54,66,70,44,55,46,0
"Pumpkaboo Small Size",6,"Grass","Ghost",335,44,66,70,44,55,56,0
"Pumpkaboo Average Size",6,"Grass","Ghost",335,49,66,70,44,55,51,0
"Gourgeist Super Size",6,"Grass","Ghost",494,85,100,122,58,75,54,0
"Hisuian Sliggoo",6,"Steel","Dragon",452,58,75,83,83,113,40,0
"Hisuian Goodra",6,"Steel","Dragon",600,80,100,100,110,150,60,0
"Incineroar",7,"Fire","Dark",530,95,115,90,80,90,60,1124
"Araquanid",7,"Bug","Water",454,68,70,92,50,132,42,15
"Primarina",7,"Water","Fairy",530,80,74,74,126,116,60,11
"Dewpider",7,"Bug","Water",269,38,40,52,40,72,27,0
"Vikavolt",7,"Bug","Electric",500,77,70,90,145,75,43,3
"Toxapex",7,"Poison","Water",495,50,63,152,53,142,35,5
"Pikipek",7,"Normal","Flying",265,35,75,30,30,30,65,0
"Trumbeak",7,"Normal","Flying",355,55,85,50,40,50,75,0
"Toucannon",7,"Normal","Flying",485,80,120,75,75,75,60,0
"Charjabug",7,"Bug","Electric",400,57,82,95,55,75,36,0
"Crabominable",7,"Fighting","Ice",478,97,132,77,62,67,43,0
"Oricorio Pa'u Style",7,"Psychic","Flying",476,75,70,70,98,70,93,0
"Oricorio Pom-Pom Style",7,"Electric","Flying",476,75,70,70,98,70,93,0
"Oricorio Sensu Style",7,"Ghost","Flying",476,75,70,70,98,70,93,0
"Oricorio Baile Style",7,"Fire","Flying",476,75,70,70,98,70,93,0
"Cutiefly",7,"Bug","Fairy",304,40,45,40,55,40,84,0
"Ribombee",7,"Bug","Fairy",464,60,55,60,95,70,124,0
"Mareanie",7,"Poison","Water",305,50,53,62,43,52,45,0
"Morelull",7,"Grass","Fairy",285,40,35,55,65,75,15,0
"Shiinotic",7,"Grass","Fairy",405,60,45,80,90,100,30,0
"Salandit",7,"Poison","Fire",320,48,44,40,71,40,77,0
"Salazzle",7,"Poison","Fire",480,68,64,60,111,60,117,0
"Tsareena",7,"Grass","Grass",510,72,120,98,50,98,72,26
"Oranguru",7,"Normal","Psychic",490,90,60,80,90,110,60,17
"Comfey",7,"Fairy","Fairy",485,51,52,90,82,110,100,54
"Bounsweet",7,"Grass","Grass",210,42,30,38,30,38,32,0
"Celesteela",7,"Flying","Steel",570,97,101,103,107,101,61,26
"Dhelmise",7,"Grass","Ghost",517,70,131,100,86,90,40,0
"Palossand",7,"Ground","Ghost",480,85,75,110,100,75,35,5
"Togedemaru",7,"Electric","Steel",435,65,98,63,40,73,96,7
"Mimikyu",7,"Ghost","Fairy",476,55,90,80,50,105,96,114
"Drampa",7,"Normal","Dragon",485,78,60,85,135,91,36,4
"Sandygast",7,"Ground","Ghost",320,55,55,80,70,45,15,0
"Kommo-o",7,"Dragon","Fighting",600,75,110,125,100,105,85,2
"Tapu Koko",7,"Electric","Fairy",570,70,115,85,95,75,130,27
"Tapu Lele",7,"Psychic","Fairy",570,70,85,75,130,115,95,23
"Tapu Bulu",7,"Grass","Fairy",570,70,130,115,85,95,75,2
"Tapu Fini",7,"Water","Fairy",570,70,75,115,95,130,85,74
"Nihilego",7,"Rock","Poison",570,109,53,47,127,131,103,7
"Pheromosa",7,"Bug","Fighting",570,71,137,37,137,37,151,29
"Wimpod",7,"Bug","Water",230,25,35,40,20,30,80,0
"Golisopod",7,"Bug","Water",530,75,125,140,60,90,40,0
"Minior Meteor Form",7,"Rock","Flying",440,60,60,100,60,100,60,0
"Minior Core Form",7,"Rock","Flying",500,60,100,60,100,60,120,0
"Turtonator",7,"Fire","Dragon",485,60,78,135,91,85,36,0
"Bruxish",7,"Water","Psychic",475,68,105,70,70,70,92,0
"Hakamo-o",7,"Dragon","Fighting",420,55,75,90,65,70,65,0
"Buzzwole",7,"Bug","Fighting",570,107,139,139,53,53,79,0
"Kartana",7,"Grass","Steel",570,59,181,131,59,31,109,118
"Dusk Mane Necrozma",7,"Psychic","Steel",680,97,157,127,113,109,77,49
"Rillaboom",8,"Grass","Grass",530,100,125,90,60,70,85,482
"Dawn Wings Necrozma",7,"Psychic","Ghost",680,97,113,109,157,127,77,10
"Cinderace",8,"Fire","Fire",530,80,116,75,65,75,119,45
"Inteleon",8,"Water","Water",530,70,85,65,125,65,120,11
"Blacephalon",7,"Fire","Ghost",570,53,127,53,151,79,107,9
"Greedent",8,"Normal","Normal",460,120,95,95,55,75,20,1
"Poipole",7,"Poison","Poison",420,67,73,67,73,67,73,0
"Grookey",8,"Grass","Grass",310,50,65,50,40,40,65,0
"Thwackey",8,"Grass","Grass",420,70,85,70,55,60,80,0
"Scorbunny",8,"Fire","Fire",310,50,71,40,40,40,69,0
"Raboot",8,"Fire","Fire",420,65,86,60,55,60,94,0
"Sobble",8,"Water","Water",310,50,40,40,70,40,70,0
"Drizzile",8,"Water","Water",420,65,60,55,95,55,90,0
"Corviknight",8,"Flying","Steel",495,98,87,105,53,85,67,10
"Skwovet",8,"Normal","Normal",275,70,55,55,35,35,25,0
"Rookidee",8,"Flying","Flying",245,38,47,35,33,35,57,0
"Stakataka",7,"Steel","Rock",570,61,131,211,53,101,13,23
"Guzzlord",7,"Dark","Dragon",570,223,101,53,97,53,43,0
"Ultra Necrozma",7,"Psychic","Dragon",754,97,167,97,167,97,129,0
"Naganadel",7,"Poison","Dragon",540,73,73,73,127,73,121,0
"Dottler",8,"Bug","Psychic",335,50,35,80,50,90,30,0
"Orbeetle",8,"Bug","Psychic",505,60,45,110,80,120,90,0
"Boltund",8,"Electric","Electric",490,69,90,60,90,60,121,2
"Drednaw",8,"Water","Rock",485,90,115,90,48,68,74,4
"Gossifleur",8,"Grass","Grass",250,40,40,60,40,60,10,0
"Eldegoss",8,"Grass","Grass",460,60,50,90,80,120,60,0
"Wooloo",8,"Normal","Normal",270,42,40,55,40,45,48,0
"Appletun",8,"Grass","Dragon",485,110,85,80,100,80,30,4
"Dubwool",8,"Normal","Normal",490,72,80,100,60,90,88,0
"Chewtle",8,"Water","Water",284,50,64,50,38,38,44,0
"Yamper",8,"Electric","Electric",270,59,45,50,40,50,26,0
"Coalossal",8,"Fire","Rock",510,110,80,120,80,90,30,40
"Carkol",8,"Fire","Rock",410,80,60,90,60,70,50,0
"Cramorant",8,"Water","Flying",475,70,85,55,85,95,85,0
"Centiskorch",8,"Fire","Bug",525,100,115,65,90,90,65,12
"Hatterene",8,"Psychic","Fairy",510,57,90,95,136,103,29,22
"Applin",8,"Grass","Dragon",260,40,40,80,40,40,20,0
"Flapple",8,"Grass","Dragon",485,70,110,80,95,60,70,0
"Toxel",8,"Electric","Poison",242,40,38,35,54,35,40,0
"Toxtricity Amped Form",8,"Electric","Poison",502,75,98,70,114,70,75,0
"Toxtricity Low Key Form",8,"Electric","Poison",502,75,98,70,114,70,75,0
"Sizzlipede",8,"Fire","Bug",305,50,65,45,50,50,45,0
"Impidimp",8,"Dark","Fairy",265,45,45,30,55,40,50,0
"Morgrem",8,"Dark","Fairy",370,65,60,45,75,55,70,0
"Alcremie",8,"Fairy","Fairy",495,65,60,75,110,121,64,18
"Grimmsnarl",8,"Dark","Fairy",510,95,120,65,95,75,60,577
"Obstagoon",8,"Dark","Normal",520,93,90,101,60,81,95,6
"Perrserker",8,"Steel","Steel",440,70,110,100,50,60,50,0
"Cursola",8,"Ghost","Ghost",510,60,95,50,145,130,30,0
"Sirfetch'd",8,"Fighting","Fighting",507,62,135,95,68,82,65,0
"Milcery",8,"Fairy","Fairy",270,45,40,40,50,61,34,0
"Dragapult",8,"Ghost","Dragon",600,88,120,75,100,75,142,54
"Dreepy",8,"Ghost","Dragon",270,28,60,30,40,30,82,0
"Drakloak",8,"Ghost","Dragon",410,68,80,50,60,50,102,0
"Mr. Rime",8,"Psychic","Ice",520,80,85,75,110,100,70,2
"Indeedee Female",8,"Normal","Psychic",475,70,55,65,95,105,85,387
"Dracozolt",8,"Electric","Dragon",505,90,100,90,80,70,75,8
"Dracovish",8,"Water","Dragon",505,90,90,100,70,80,75,32
"Duraludon",8,"Steel","Dragon",535,70,95,115,120,50,85,8
"Indeedee Male",8,"Normal","Psychic",475,60,65,55,105,95,95,26
"Zacian Crowned Sword",8,"Fairy","Steel",720,92,170,115,80,115,148,1088
"Zamazenta Crowned Shield",8,"Fighting","Steel",720,92,130,145,80,145,128,41
"Runerigus",8,"Ground","Ghost",483,58,95,145,50,105,30,0
"Snom",8,"Ice","Bug",185,30,25,35,45,30,20,0
"Frosmoth",8,"Ice","Bug",475,70,65,60,125,90,65,0
"Morpeko Hangry Mode",8,"Electric","Dark",436,58,95,58,70,58,97,0
"Morpeko Full Belly Mode",8,"Electric","Dark",436,58,95,58,70,58,97,0
"Arctozolt",8,"Electric","Ice",505,90,100,90,90,80,55,0
"Arctovish",8,"Water","Ice",505,90,90,100,80,90,55,0
"Regieleki",8,"Electric","Electric",580,80,100,50,100,50,200,603
"Eternatus",8,"Poison","Dragon",690,140,85,95,145,95,130,41
"Regidrago",8,"Dragon","Dragon",580,200,100,50,100,50,80,12
"Glastrier",8,"Ice","Ice",580,100,145,130,65,110,30,13
"Urshifu Single Strike Style",8,"Fighting","Dark",550,100,130,100,63,60,97,125
"Spectrier",8,"Ghost","Ghost",580,100,65,60,145,80,130,19
"Kubfu",8,"Fighting","Fighting",385,60,90,60,53,50,72,0
"Calyrex Shadow Rider",8,"Psychic","Ghost",680,100,85,80,165,100,150,363
"Calyrex Ice Rider",8,"Psychic","Ice",680,100,165,150,85,130,50,294
"Urshifu Rapid Strike Style",8,"Water","Fighting",550,100,130,100,63,60,97,58
"Clefairy",1,"Fairy","Fairy",323,70,45,48,60,65,35,25
"Clefable",1,"Fairy","Fairy",483,95,70,73,95,90,60,7
"Dugtrio",1,"Ground","Ground",425,35,100,50,50,70,120,3
"Alolan Persian",7,"Dark","Dark",440,65,60,60,75,65,115,19
"Machamp",1,"Fighting","Fighting",505,90,130,80,65,85,55,4
"Kingler",1,"Water","Water",475,55,130,115,50,50,75,9
"Weezing",1,"Poison","Poison",490,65,90,120,85,70,60,43
"Chansey",1,"Normal","Normal",450,250,5,5,35,105,50,6
"Tauros",1,"Normal","Normal",490,75,100,95,40,70,110,3
"Ditto",1,"Normal","Normal",288,48,48,48,48,48,48,74
"Snorlax",1,"Normal","Normal",540,160,110,65,65,110,30,18
"Espeon",2,"Psychic","Psychic",525,65,65,60,130,95,110,3
"Umbreon",2,"Dark","Dark",525,95,65,110,60,130,65,35
"Porygon2",2,"Normal","Normal",515,85,80,90,105,95,60,117
"Hitmontop",2,"Fighting","Fighting",455,50,95,95,35,110,70,27
"Blissey",2,"Normal","Normal",540,255,10,10,75,135,55,3
"Raikou",2,"Electric","Electric",580,90,85,75,115,100,115,7
"Entei",2,"Fire","Fire",580,115,115,85,90,75,100,50
"Suicune",2,"Water","Water",580,100,75,115,90,115,85,28
"Manectric",3,"Electric","Electric",475,70,75,60,105,60,105,3
"Milotic",3,"Water","Water",540,95,60,79,100,125,81,30
"Dusclops",3,"Ghost","Ghost",455,40,70,130,60,130,25,88
"Luxray",4,"Electric","Electric",523,80,120,79,95,79,70,2
"Cherrim",4,"Grass","Grass",450,70,60,70,87,78,85,8
"Riolu",4,"Fighting","Fighting",285,40,70,40,35,40,60,13
"Porygon-Z",4,"Normal","Normal",535,85,80,70,135,75,90,7
"Regigigas",4,"Normal","Normal",670,110,160,110,80,110,100,37
"Liepard",5,"Dark","Dark",446,64,88,50,88,50,106,16
"Gigalith",5,"Rock","Rock",515,85,135,130,60,80,25,4
"Conkeldurr",5,"Fighting","Fighting",505,105,140,95,55,65,45,10
"Darmanitan Standard Mode",5,"Fire","Fire",480,105,140,55,30,55,95,3
"Darmanitan Galarian Standard Mode",8,"Ice","Ice",480,105,140,55,30,55,95,15
"Garbodor",5,"Poison","Poison",474,80,95,82,60,82,75,1
"Cinccino",5,"Normal","Normal",470,75,95,60,65,60,115,3
"Gothitelle",5,"Psychic","Psychic",490,70,55,95,95,110,65,20
"Klinklang",5,"Steel","Steel",520,60,100,115,70,85,90,884
"Accelgor",5,"Bug","Bug",495,80,70,40,100,60,145,7
"Mienshao",5,"Fighting","Fighting",510,65,125,60,95,60,105,18
"Meowstic Male",6,"Psychic","Psychic",466,74,48,76,83,81,104,15
"Wishiwashi Solo Form",7,"Water","Water",175,45,20,20,25,25,40,1
"Mudsdale",7,"Ground","Ground",500,100,125,100,55,85,35,6
"Lurantis",7,"Grass","Grass",480,70,105,90,80,90,45,4
"Silvally",7,"Normal","Normal",570,95,95,95,95,95,95,2
"Xurkitree",7,"Electric","Electric",570,83,89,71,173,71,83,4
"Barraskewda",8,"Water","Water",490,61,123,60,60,50,136,37
"Pincurchin",8,"Electric","Electric",435,48,101,95,91,85,15,9
"Stonjourner",8,"Rock","Rock",470,100,125,135,20,20,70,3
"Charmander",1,"Fire","Fire",309,39,52,43,60,50,65,0
"Charmeleon",1,"Fire","Fire",405,58,64,58,80,65,80,0
"Squirtle",1,"Water","Water",314,44,48,65,50,64,43,0
"Wartortle",1,"Water","Water",405,59,63,80,65,80,58,0
"Caterpie",1,"Bug","Bug",195,45,30,35,20,20,45,0
"Metapod",1,"Bug","Bug",205,50,20,55,25,25,30,0
"Rattata",1,"Normal","Normal",253,30,56,35,25,35,72,0
"Raticate",1,"Normal","Normal",413,55,81,60,50,70,97,0
"Ekans",1,"Poison","Poison",288,35,60,44,40,54,55,0
"Arbok",1,"Poison","Poison",448,60,95,69,65,79,80,0
"Partner Pikachu",1,"Electric","Electric",430,45,80,50,75,60,120,0
"Galarian Slowbro",8,"Poison","Psychic",490,95,100,95,100,70,30,0
"Magnemite",1,"Electric","Steel",325,25,35,70,95,55,45,0
"Magneton",1,"Electric","Steel",465,50,60,95,120,70,70,0
"Farfetch'd",1,"Normal","Flying",377,52,90,55,58,62,60,0
"Zygarde 10% Forme",6,"Ground","Dragon",486,54,100,71,61,85,115,0
"Zygarde 50% Forme",6,"Ground","Dragon",600,108,100,121,81,95,95,0
"Gourgeist Large Size",6,"Grass","Ghost",494,75,95,122,58,75,69,0
"Gourgeist Small Size",6,"Grass","Ghost",494,55,85,122,58,75,99,0
"Gourgeist Average Size",6,"Grass","Ghost",494,65,90,122,58,75,84,0
"Hoopa Unbound",6,"Dark","Psychic",680,80,160,60,170,130,80,0
"Kirlia",3,"Psychic","Fairy",278,38,35,35,65,55,50,0
"Gardevoir",3,"Psychic","Fairy",518,68,65,65,125,115,80,0
"Surskit",3,"Bug","Water",269,40,30,32,50,52,65,0
"Masquerain",3,"Bug","Flying",454,70,60,62,100,82,80,0
"Fletchinder",6,"Fire","Flying",382,62,73,55,56,52,84,0
"Carbink",6,"Rock","Fairy",500,50,50,150,50,150,50,0
"Hisuian Avalugg",6,"Ice","Rock",514,95,127,184,34,36,38,0
"Noibat",6,"Flying","Dragon",245,40,30,35,45,40,55,0
"Noivern",6,"Flying","Dragon",535,85,70,80,97,80,123,0
"Hoopa Confined",6,"Psychic","Ghost",600,80,110,60,150,130,70,0
"Rowlet",7,"Grass","Flying",320,68,55,55,50,50,42,0
"Dartrix",7,"Grass","Flying",420,78,75,75,70,70,52,0
"Hisuian Decidueye",7,"Grass","Fighting",530,88,112,80,95,95,60,0
"Decidueye",7,"Grass","Ghost",530,78,107,75,100,100,70,0
"Stufful",7,"Normal","Fighting",340,70,75,50,45,50,50,0
"Bewear",7,"Normal","Fighting",500,120,125,80,55,60,60,0
"Sylveon",6,"Fairy","Fairy",525,95,65,65,110,130,60,0
"Torracat",7,"Fire","Fire",420,65,85,50,80,50,90,0
"Popplio",7,"Water","Water",320,50,54,54,66,56,40,0
