Name,Type,Power,Acc.,PP,Damage_class
Absorb,Grass,20,100,25,Special
Accelerock,Rock,40,100,20,Physical
Acid,Poison,40,100,30,Special
Acid Armor,Poison,NULL,NULL,20,Status
Acid Spray,Poison,40,100,20,Special
Acrobatics,Flying,55,100,15,Physical
Acupressure,Normal,NULL,NULL,30,Status
Aerial Ace,Flying,60,101,20,Physical
Aeroblast,Flying,100,95,5,Special
After You,Normal,NULL,NULL,15,Status
Agility,Psychic,NULL,NULL,30,Status
Air Cutter,Flying,60,95,25,Special
Air Slash,Flying,75,95,15,Special
Ally Switch,Psychic,NULL,NULL,15,Status
Amnesia,Psychic,NULL,NULL,20,Status
Anchor Shot,Steel,80,100,20,Physical
Ancient Power,Rock,60,100,5,Special
Apple Acid,Grass,80,100,10,Special
Aqua Jet,Water,40,100,20,Physical
Aqua Ring,Water,NULL,NULL,20,Status
Aqua Tail,Water,90,90,10,Physical
Arm Thrust,Fighting,15,100,20,Physical
Aromatherapy,Grass,NULL,NULL,5,Status
Aromatic Mist,Fairy,NULL,NULL,20,Status
Assist,Normal,NULL,NULL,20,Status
Assurance,Dark,60,100,10,Physical
Astonish,Ghost,30,100,15,Physical
Astral Barrage,Ghost,120,100,5,Special
Attack Order,Bug,90,100,15,Physical
Attract,Normal,NULL,100,15,Status
Aura Sphere,Fighting,80,101,20,Special
Aura Wheel,Electric,110,100,10,Physical
Aurora Beam,Ice,65,100,20,Special
Aurora Veil,Ice,NULL,NULL,20,Status
Autotomize,Steel,NULL,NULL,15,Status
Avalanche,Ice,60,100,10,Physical
Baby Doll Eyes,Fairy,NULL,100,30,Status
Baddy Bad,Dark,90,100,15,Special
Baneful Bunker,Poison,NULL,NULL,10,Status
Barrage,Normal,15,85,20,Physical
Barrier,Psychic,NULL,NULL,20,Status
Baton Pass,Normal,NULL,NULL,40,Status
Beak Blast,Flying,100,100,15,Physical
Beat Up,Dark,NULL,100,10,Physical
Behemoth Bash,Steel,100,100,5,Physical
Behemoth Blade,Steel,100,100,5,Physical
Belch,Poison,120,90,10,Special
Belly Drum,Normal,NULL,NULL,10,Status
Bestow,Normal,NULL,NULL,15,Status
Bide,Normal,NULL,NULL,10,Physical
Bind,Normal,15,85,20,Physical
Bite,Dark,60,100,25,Physical
Blast Burn,Fire,150,90,5,Special
Blaze Kick,Fire,85,90,10,Physical
Blizzard,Ice,110,70,5,Special
Block,Normal,NULL,NULL,5,Status
Blue Flare,Fire,130,85,5,Special
Body Press,Fighting,80,100,10,Physical
Body Slam,Normal,85,100,15,Physical
Bolt Beak,Electric,85,100,10,Physical
Bolt Strike,Electric,130,85,5,Physical
Bone Club,Ground,65,85,20,Physical
Bone Rush,Ground,25,90,10,Physical
Bonemerang,Ground,50,90,10,Physical
Boomburst,Normal,140,100,10,Special
Bounce,Flying,85,85,5,Physical
Bouncy Bubble,Water,90,100,15,Special
Branch Poke,Grass,40,100,40,Physical
Brave Bird,Flying,120,100,15,Physical
Breaking Swipe,Dragon,60,100,15,Physical
Brick Break,Fighting,75,100,15,Physical
Brine,Water,65,100,10,Special
Brutal Swing,Dark,60,100,20,Physical
Bubble,Water,40,100,30,Special
Bubble Beam,Water,65,100,20,Special
Bug Bite,Bug,60,100,20,Physical
Bug Buzz,Bug,90,100,10,Special
Bulk Up,Fighting,NULL,NULL,20,Status
Bulldoze,Ground,60,100,20,Physical
Bullet Punch,Steel,40,100,30,Physical
Bullet Seed,Grass,25,100,30,Physical
Burn Up,Fire,130,100,5,Special
Burning Jealousy,Fire,70,100,5,Special
Buzzy Buzz,Electric,90,100,15,Special
Calm Mind,Psychic,NULL,NULL,20,Status
Camouflage,Normal,NULL,NULL,20,Status
Captivate,Normal,NULL,100,20,Status
Catastropika,Electric,210,NULL,1,Physical
Celebrate,Normal,NULL,NULL,40,Status
Charge,Electric,NULL,NULL,20,Status
Charge Beam,Electric,50,90,10,Special
Charm,Fairy,NULL,100,20,Status
Chatter,Flying,65,100,20,Special
Chip Away,Normal,70,100,20,Physical
Circle Throw,Fighting,60,90,10,Physical
Clamp,Water,35,85,15,Physical
Clanging Scales,Dragon,110,100,5,Special
Clangorous Soul,Dragon,NULL,100,5,Status
Clangorous Soulblaze,Dragon,185,NULL,1,Special
Clear Smog,Poison,50,NULL,15,Special
Close Combat,Fighting,120,100,5,Physical
Coaching,Fighting,NULL,NULL,10,Status
Coil,Poison,NULL,NULL,20,Status
Comet Punch,Normal,18,85,15,Physical
Confide,Normal,NULL,NULL,20,Status
Confuse Ray,Ghost,NULL,100,10,Status
Confusion,Psychic,50,100,25,Special
Constrict,Normal,10,100,35,Physical
Conversion,Normal,NULL,NULL,30,Status
Conversion 2,Normal,NULL,NULL,30,Status
Copycat,Normal,NULL,NULL,20,Status
Core Enforcer,Dragon,100,100,10,Special
Corrosive Gas,Poison,NULL,100,40,Status
Cosmic Power,Psychic,NULL,NULL,20,Status
Cotton Guard,Grass,NULL,NULL,10,Status
Cotton Spore,Grass,NULL,100,40,Status
Counter,Fighting,NULL,100,20,Physical
Court Change,Normal,NULL,100,10,Status
Covet,Normal,60,100,25,Physical
Crabhammer,Water,100,90,10,Physical
Crafty Shield,Fairy,NULL,NULL,10,Status
Cross Chop,Fighting,100,80,5,Physical
Cross Poison,Poison,70,100,20,Physical
Crunch,Dark,80,100,15,Physical
Crush Claw,Normal,75,95,10,Physical
Crush Grip,Normal,NULL,100,5,Physical
Curse,Ghost,NULL,NULL,10,Status
Cut,Normal,50,95,30,Physical
Dark Pulse,Dark,80,100,15,Special
Dark Void,Dark,NULL,50,10,Status
Darkest Lariat,Dark,85,100,10,Physical
Dazzling Gleam,Fairy,80,100,10,Special
Decorate,Fairy,NULL,NULL,15,Status
Defend Order,Bug,NULL,NULL,10,Status
Defense Curl,Normal,NULL,NULL,40,Status
Defog,Flying,NULL,NULL,15,Status
Destiny Bond,Ghost,NULL,NULL,5,Status
Detect,Fighting,NULL,NULL,5,Status
Diamond Storm,Rock,100,95,5,Physical
Dig,Ground,80,100,10,Physical
Disable,Normal,NULL,100,20,Status
Disarming Voice,Fairy,40,101,15,Special
Discharge,Electric,80,100,15,Special
Dive,Water,80,100,10,Physical
Dizzy Punch,Normal,70,100,10,Physical
Doom Desire,Steel,140,100,5,Special
Double Edge,Normal,120,100,15,Physical
Double Hit,Normal,35,90,10,Physical
Double Iron Bash,Steel,60,100,5,Physical
Double Kick,Fighting,30,100,30,Physical
Double Slap,Normal,15,85,10,Physical
Double Team,Normal,NULL,NULL,15,Status
Draco Meteor,Dragon,130,90,5,Special
Dragon Ascent,Flying,120,100,5,Physical
Dragon Breath,Dragon,60,100,20,Special
Dragon Claw,Dragon,80,100,15,Physical
Dragon Dance,Dragon,NULL,NULL,20,Status
Dragon Darts,Dragon,50,100,10,Physical
Dragon Energy,Dragon,150,100,5,Special
Dragon Hammer,Dragon,90,100,15,Physical
Dragon Pulse,Dragon,85,100,10,Special
Dragon Rage,Dragon,NULL,100,10,Special
Dragon Rush,Dragon,100,75,10,Physical
Dragon Tail,Dragon,60,90,10,Physical
Drain Punch,Fighting,75,100,10,Physical
Draining Kiss,Fairy,50,100,10,Special
Dream Eater,Psychic,100,100,15,Special
Drill Peck,Flying,80,100,20,Physical
Drill Run,Ground,80,95,10,Physical
Drum Beating,Grass,80,100,10,Physical
Dual Chop,Dragon,40,90,15,Physical
Dual Wingbeat,Flying,40,90,10,Physical
Dynamax Cannon,Dragon,100,100,5,Special
Dynamic Punch,Fighting,100,50,5,Physical
Earth Power,Ground,90,100,10,Special
Earthquake,Ground,100,100,10,Physical
Echoed Voice,Normal,40,100,15,Special
Eerie Impulse,Electric,NULL,100,15,Status
Eerie Spell,Psychic,80,100,5,Special
Egg Bomb,Normal,100,75,10,Physical
Electric Terrain,Electric,NULL,NULL,10,Status
Electrify,Electric,NULL,NULL,20,Status
Electro Ball,Electric,NULL,100,10,Special
Electroweb,Electric,55,95,15,Special
Embargo,Dark,NULL,100,15,Status
Ember,Fire,40,100,25,Special
Encore,Normal,NULL,100,5,Status
Endeavor,Normal,NULL,100,5,Physical
Endure,Normal,NULL,NULL,10,Status
Energy Ball,Grass,90,100,10,Special
Entrainment,Normal,NULL,100,15,Status
Eruption,Fire,150,100,5,Special
Eternabeam,Dragon,160,90,5,Special
Expanding Force,Psychic,80,100,10,Special
Explosion,Normal,250,100,5,Physical
Extrasensory,Psychic,80,100,20,Special
Extreme Evoboost,Normal,NULL,NULL,1,Status
Extreme Speed,Normal,80,100,5,Physical
Facade,Normal,70,100,20,Physical
Fairy Lock,Fairy,NULL,NULL,10,Status
Fairy Wind,Fairy,40,100,30,Special
Fake Out,Normal,40,100,10,Physical
Fake Tears,Dark,NULL,100,20,Status
False Surrender,Dark,80,101,10,Physical
False Swipe,Normal,40,100,40,Physical
Feather Dance,Flying,NULL,100,15,Status
Feint,Normal,30,100,10,Physical
Feint Attack,Dark,60,101,20,Physical
Fell Stinger,Bug,50,100,25,Physical
Fiery Dance,Fire,80,100,10,Special
Fiery Wrath,Dark,90,100,10,Special
Final Gambit,Fighting,NULL,100,5,Special
Fire Blast,Fire,110,85,5,Special
Fire Fang,Fire,65,95,15,Physical
Fire Lash,Fire,80,100,15,Physical
Fire Pledge,Fire,80,100,10,Special
Fire Punch,Fire,75,100,15,Physical
Fire Spin,Fire,35,85,15,Special
First Impression,Bug,90,100,10,Physical
Fishious Rend,Water,85,100,10,Physical
Fissure,Ground,NULL,30,5,Physical
Flail,Normal,NULL,100,15,Physical
Flame Burst,Fire,70,100,15,Special
Flame Charge,Fire,50,100,20,Physical
Flame Wheel,Fire,60,100,25,Physical
Flamethrower,Fire,90,100,15,Special
Flare Blitz,Fire,120,100,15,Physical
Flash,Normal,NULL,100,20,Status
Flash Cannon,Steel,80,100,10,Special
Flatter,Dark,NULL,100,15,Status
Fleur Cannon,Fairy,130,90,5,Special
Fling,Dark,NULL,100,10,Physical
Flip Turn,Water,60,100,20,Physical
Floaty Fall,Flying,90,95,15,Physical
Floral Healing,Fairy,NULL,NULL,10,Status
Flower Shield,Fairy,NULL,NULL,10,Status
Fly,Flying,90,95,15,Physical
Flying Press,Fighting,100,95,10,Physical
Focus Blast,Fighting,120,70,5,Special
Focus Energy,Normal,NULL,NULL,30,Status
Focus Punch,Fighting,150,100,20,Physical
Follow Me,Normal,NULL,NULL,20,Status
Force Palm,Fighting,60,100,10,Physical
Foresight,Normal,NULL,NULL,40,Status
Forest'S Curse,Grass,NULL,100,20,Status
Foul Play,Dark,95,100,15,Physical
Freeze Dry,Ice,70,100,20,Special
Freeze Shock,Ice,140,90,5,Physical
Freezing Glare,Psychic,90,100,10,Special
Freezy Frost,Ice,90,100,15,Special
Frenzy Plant,Grass,150,90,5,Special
Frost Breath,Ice,60,90,10,Special
Frustration,Normal,NULL,100,20,Physical
Fury Attack,Normal,15,85,20,Physical
Fury Cutter,Bug,40,95,20,Physical
Fury Swipes,Normal,18,80,15,Physical
Fusion Bolt,Electric,100,100,5,Physical
Fusion Flare,Fire,100,100,5,Special
Future Sight,Psychic,120,100,10,Special
Gastro Acid,Poison,NULL,100,10,Status
Gear Grind,Steel,50,85,15,Physical
Gear Up,Steel,NULL,NULL,20,Status
Genesis Supernova,Psychic,185,NULL,1,Special
Geomancy,Fairy,NULL,NULL,10,Status
Giga Drain,Grass,75,100,10,Special
Giga Impact,Normal,150,90,5,Physical
Glacial Lance,Ice,130,100,5,Physical
Glaciate,Ice,65,95,10,Special
Glare,Normal,NULL,100,30,Status
Glitzy Glow,Psychic,90,100,15,Special
Grass Knot,Grass,NULL,100,20,Special
Grass Pledge,Grass,80,100,10,Special
Grass Whistle,Grass,NULL,55,15,Status
Grassy Glide,Grass,70,100,20,Physical
Grassy Terrain,Grass,NULL,NULL,10,Status
Grav Apple,Grass,80,100,10,Physical
Gravity,Psychic,NULL,NULL,5,Status
Growl,Normal,NULL,100,40,Status
Growth,Normal,NULL,NULL,20,Status
Grudge,Ghost,NULL,NULL,5,Status
Guard Split,Psychic,NULL,NULL,10,Status
Guard Swap,Psychic,NULL,NULL,10,Status
Guardian Of Alola,Fairy,NULL,NULL,1,Special
Guillotine,Normal,NULL,30,5,Physical
Gunk Shot,Poison,120,80,5,Physical
Gust,Flying,40,100,35,Special
Gyro Ball,Steel,NULL,100,5,Physical
Hail,Ice,NULL,NULL,10,Status
Hammer Arm,Fighting,100,90,10,Physical
Happy Hour,Normal,NULL,NULL,30,Status
Harden,Normal,NULL,NULL,30,Status
Haze,Ice,NULL,NULL,30,Status
Head Charge,Normal,120,100,15,Physical
Head Smash,Rock,150,80,5,Physical
Headbutt,Normal,70,100,15,Physical
Heal Bell,Normal,NULL,NULL,5,Status
Heal Block,Psychic,NULL,100,15,Status
Heal Order,Bug,NULL,NULL,10,Status
Heal Pulse,Psychic,NULL,NULL,10,Status
Healing Wish,Psychic,NULL,NULL,10,Status
Heart Stamp,Psychic,60,100,25,Physical
Heart Swap,Psychic,NULL,NULL,10,Status
Heat Crash,Fire,NULL,100,10,Physical
Heat Wave,Fire,95,90,10,Special
Heavy Slam,Steel,NULL,100,10,Physical
Helping Hand,Normal,NULL,NULL,20,Status
Hex,Ghost,65,100,10,Special
Hidden Power,Normal,60,100,15,Special
High Horsepower,Ground,95,95,10,Physical
High Jump Kick,Fighting,130,90,10,Physical
Hold Back,Normal,40,100,40,Physical
Hold Hands,Normal,NULL,NULL,40,Status
Hone Claws,Dark,NULL,NULL,15,Status
Horn Attack,Normal,65,100,25,Physical
Horn Drill,Normal,NULL,30,5,Physical
Horn Leech,Grass,75,100,10,Physical
Howl,Normal,NULL,NULL,40,Status
Hurricane,Flying,110,70,10,Special
Hydro Cannon,Water,150,90,5,Special
Hydro Pump,Water,110,80,5,Special
Hyper Beam,Normal,150,90,5,Special
Hyper Fang,Normal,80,90,15,Physical
Hyper Voice,Normal,90,100,10,Special
Hyperspace Fury,Dark,100,101,5,Physical
Hyperspace Hole,Psychic,80,101,5,Special
Hypnosis,Psychic,NULL,60,20,Status
Ice Ball,Ice,30,90,20,Physical
Ice Beam,Ice,90,100,10,Special
Ice Burn,Ice,140,90,5,Special
Ice Fang,Ice,65,95,15,Physical
Ice Hammer,Ice,100,90,10,Physical
Ice Punch,Ice,75,100,15,Physical
Ice Shard,Ice,40,100,30,Physical
Icicle Crash,Ice,85,90,10,Physical
Icicle Spear,Ice,25,100,30,Physical
Icy Wind,Ice,55,95,15,Special
Imprison,Psychic,NULL,NULL,10,Status
Incinerate,Fire,60,100,15,Special
Inferno,Fire,100,50,5,Special
Infestation,Bug,20,100,20,Special
Ingrain,Grass,NULL,NULL,20,Status
Instruct,Psychic,NULL,NULL,15,Status
Ion Deluge,Electric,NULL,NULL,25,Status
Iron Defense,Steel,NULL,NULL,15,Status
Iron Head,Steel,80,100,15,Physical
Iron Tail,Steel,100,75,15,Physical
Jaw Lock,Dark,80,100,10,Physical
Judgment,Normal,100,100,10,Special
Jump Kick,Fighting,100,95,10,Physical
Jungle Healing,Grass,NULL,NULL,10,Status
Karate Chop,Fighting,50,100,25,Physical
Kinesis,Psychic,NULL,80,15,Status
King'S Shield,Steel,NULL,NULL,10,Status
Knock Off,Dark,65,100,20,Physical
Land'S Wrath,Ground,90,100,10,Physical
Laser Focus,Normal,NULL,NULL,30,Status
Lash Out,Dark,75,100,5,Physical
Last Resort,Normal,140,100,5,Physical
Lava Plume,Fire,80,100,15,Special
Leaf Blade,Grass,90,100,15,Physical
Leaf Storm,Grass,130,90,5,Special
Leaf Tornado,Grass,65,90,10,Special
Leafage,Grass,40,100,40,Physical
Leech Life,Bug,80,100,10,Physical
Leech Seed,Grass,NULL,90,10,Status
Leer,Normal,NULL,100,30,Status
Lick,Ghost,30,100,30,Physical
Life Dew,Water,NULL,NULL,10,Status
Light Of Ruin,Fairy,140,90,5,Special
Light Screen,Psychic,NULL,NULL,30,Status
Light That Burns The Sky,Psychic,200,NULL,1,Special
Liquidation,Water,85,100,10,Physical
Lock On,Normal,NULL,NULL,5,Status
Lovely Kiss,Normal,NULL,75,10,Status
Low Kick,Fighting,NULL,100,20,Physical
Low Sweep,Fighting,65,100,20,Physical
Lucky Chant,Normal,NULL,NULL,30,Status
Lunar Dance,Psychic,NULL,NULL,10,Status
Lunge,Bug,80,100,15,Physical
Luster Purge,Psychic,70,100,5,Special
Mach Punch,Fighting,40,100,30,Physical
Magic Coat,Psychic,NULL,NULL,15,Status
Magic Powder,Psychic,NULL,100,20,Status
Magic Room,Psychic,NULL,NULL,10,Status
Magical Leaf,Grass,60,101,20,Special
Magma Storm,Fire,100,75,5,Special
Magnet Bomb,Steel,60,101,20,Physical
Magnet Rise,Electric,NULL,NULL,10,Status
Magnetic Flux,Electric,NULL,NULL,20,Status
Magnitude,Ground,NULL,100,30,Physical
Malicious Moonsault,Dark,180,NULL,1,Physical
Mat Block,Fighting,NULL,NULL,10,Status
Max Airstream,Flying,NULL,NULL,,Physical
Max Darkness,Dark,NULL,NULL,,Physical
Max Flare,Fire,NULL,NULL,,Physical
Max Flutterby,Bug,NULL,NULL,,Physical
Max Geyser,Water,NULL,NULL,,Physical
Max Guard,Normal,NULL,NULL,,Status
Max Hailstorm,Ice,NULL,NULL,,Physical
Max Knuckle,Fighting,NULL,NULL,,Physical
Max Lightning,Electric,NULL,NULL,,Physical
Max Mindstorm,Psychic,NULL,NULL,,Physical
Max Ooze,Poison,NULL,NULL,,Physical
Max Overgrowth,Grass,NULL,NULL,,Physical
Max Phantasm,Ghost,NULL,NULL,,Physical
Max Quake,Ground,NULL,NULL,,Physical
Max Rockfall,Rock,NULL,NULL,,Physical
Max Starfall,Fairy,NULL,NULL,,Physical
Max Steelspike,Steel,NULL,NULL,,Physical
Max Strike,Normal,NULL,NULL,,Physical
Max Wyrmwind,Dragon,NULL,NULL,,Physical
Me First,Normal,NULL,NULL,20,Status
Mean Look,Normal,NULL,NULL,5,Status
Meditate,Psychic,NULL,NULL,40,Status
Mega Drain,Grass,40,100,15,Special
Mega Kick,Normal,120,75,5,Physical
Mega Punch,Normal,80,85,20,Physical
Megahorn,Bug,120,85,10,Physical
Memento,Dark,NULL,100,10,Status
Menacing Moonraze Maelstrom,Ghost,200,NULL,1,Special
Metal Burst,Steel,NULL,100,10,Physical
Metal Claw,Steel,50,95,35,Physical
Metal Sound,Steel,NULL,85,40,Status
Meteor Assault,Fighting,150,100,5,Physical
Meteor Beam,Rock,120,90,10,Special
Meteor Mash,Steel,90,90,10,Physical
Metronome,Normal,NULL,NULL,10,Status
Milk Drink,Normal,NULL,NULL,10,Status
Mimic,Normal,NULL,NULL,10,Status
Mind Blown,Fire,150,100,5,Special
Mind Reader,Normal,NULL,NULL,5,Status
Minimize,Normal,NULL,NULL,10,Status
Miracle Eye,Psychic,NULL,NULL,40,Status
Mirror Coat,Psychic,NULL,100,20,Special
Mirror Move,Flying,NULL,NULL,20,Status
Mirror Shot,Steel,65,85,10,Special
Mist,Ice,NULL,NULL,30,Status
Mist Ball,Psychic,70,100,5,Special
Misty Explosion,Fairy,100,100,5,Special
Misty Terrain,Fairy,NULL,NULL,10,Status
Moonblast,Fairy,95,100,15,Special
Moongeist Beam,Ghost,100,100,5,Special
Moonlight,Fairy,NULL,NULL,5,Status
Morning Sun,Normal,NULL,NULL,5,Status
Mud Bomb,Ground,65,85,10,Special
Mud Shot,Ground,55,95,15,Special
Mud Slap,Ground,20,100,10,Special
Mud Sport,Ground,NULL,NULL,15,Status
Muddy Water,Water,90,85,10,Special
Multi Attack,Normal,120,100,10,Physical
Mystical Fire,Fire,75,100,10,Special
Nasty Plot,Dark,NULL,NULL,20,Status
Natural Gift,Normal,NULL,100,15,Physical
Nature Power,Normal,NULL,NULL,20,Status
Nature'S Madness,Fairy,NULL,90,10,Special
Needle Arm,Grass,60,100,15,Physical
Night Daze,Dark,85,95,10,Special
Night Shade,Ghost,NULL,100,15,Special
Night Slash,Dark,70,100,15,Physical
Nightmare,Ghost,NULL,100,15,Status
No Retreat,Fighting,NULL,NULL,5,Status
Noble Roar,Normal,NULL,100,30,Status
Nuzzle,Electric,20,100,20,Physical
Oblivion Wing,Flying,80,100,10,Special
Obstruct,Dark,NULL,100,10,Status
Oceanic Operetta,Water,195,NULL,1,Special
Octazooka,Water,65,85,10,Special
Octolock,Fighting,NULL,100,15,Status
Odor Sleuth,Normal,NULL,NULL,40,Status
Ominous Wind,Ghost,60,100,5,Special
Origin Pulse,Water,110,85,10,Special
Outrage,Dragon,120,100,10,Physical
Overdrive,Electric,80,100,10,Special
Overheat,Fire,130,90,5,Special
Pain Split,Normal,NULL,NULL,20,Status
Parabolic Charge,Electric,65,100,20,Special
Parting Shot,Dark,NULL,100,20,Status
Pay Day,Normal,40,100,20,Physical
Payback,Dark,50,100,10,Physical
Peck,Flying,35,100,35,Physical
Perish Song,Normal,NULL,NULL,5,Status
Petal Blizzard,Grass,90,100,15,Physical
Petal Dance,Grass,120,100,10,Special
Phantom Force,Ghost,90,100,10,Physical
Photon Geyser,Psychic,100,100,5,Special
Pika Papow,Electric,NULL,101,20,Special
Pin Missile,Bug,25,95,20,Physical
Plasma Fists,Electric,100,100,15,Physical
Play Nice,Normal,NULL,NULL,20,Status
Play Rough,Fairy,90,90,10,Physical
Pluck,Flying,60,100,20,Physical
Poison Fang,Poison,50,100,15,Physical
Poison Gas,Poison,NULL,90,40,Status
Poison Jab,Poison,80,100,20,Physical
Poison Powder,Poison,NULL,75,35,Status
Poison Sting,Poison,15,100,35,Physical
Poison Tail,Poison,50,100,25,Physical
Pollen Puff,Bug,90,100,15,Special
Poltergeist,Ghost,110,90,5,Physical
Pound,Normal,40,100,35,Physical
Powder,Bug,NULL,100,20,Status
Powder Snow,Ice,40,100,25,Special
Power Gem,Rock,80,100,20,Special
Power Split,Psychic,NULL,NULL,10,Status
Power Swap,Psychic,NULL,NULL,10,Status
Power Trick,Psychic,NULL,NULL,10,Status
Power Trip,Dark,20,100,10,Physical
Power Up Punch,Fighting,40,100,20,Physical
Power Whip,Grass,120,85,10,Physical
Precipice Blades,Ground,120,85,10,Physical
Present,Normal,NULL,90,15,Physical
Prismatic Laser,Psychic,160,100,10,Special
Protect,Normal,NULL,NULL,10,Status
Psybeam,Psychic,65,100,20,Special
Psych Up,Normal,NULL,NULL,10,Status
Psychic,Psychic,90,100,10,Special
Psychic Fangs,Psychic,85,100,10,Physical
Psychic Terrain,Psychic,NULL,NULL,10,Status
Psycho Boost,Psychic,140,90,5,Special
Psycho Cut,Psychic,70,100,20,Physical
Psycho Shift,Psychic,NULL,100,10,Status
Psyshock,Psychic,80,100,10,Special
Psystrike,Psychic,100,100,10,Special
Psywave,Psychic,NULL,100,15,Special
Pulverizing Pancake,Normal,210,NULL,1,Physical
Punishment,Dark,NULL,100,5,Physical
Purify,Poison,NULL,NULL,20,Status
Pursuit,Dark,40,100,20,Physical
Pyro Ball,Fire,120,90,5,Physical
Quash,Dark,NULL,100,15,Status
Quick Attack,Normal,40,100,30,Physical
Quick Guard,Fighting,NULL,NULL,15,Status
Quiver Dance,Bug,NULL,NULL,20,Status
Rage,Normal,20,100,20,Physical
Rage Powder,Bug,NULL,NULL,20,Status
Rain Dance,Water,NULL,NULL,5,Status
Rapid Spin,Normal,50,100,40,Physical
Razor Leaf,Grass,55,95,25,Physical
Razor Shell,Water,75,95,10,Physical
Razor Wind,Normal,80,100,10,Special
Recover,Normal,NULL,NULL,10,Status
Recycle,Normal,NULL,NULL,10,Status
Reflect,Psychic,NULL,NULL,20,Status
Reflect Type,Normal,NULL,NULL,15,Status
Refresh,Normal,NULL,NULL,20,Status
Relic Song,Normal,75,100,10,Special
Rest,Psychic,NULL,NULL,10,Status
Retaliate,Normal,70,100,5,Physical
Return,Normal,NULL,100,20,Physical
Revelation Dance,Normal,90,100,15,Special
Revenge,Fighting,60,100,10,Physical
Reversal,Fighting,NULL,100,15,Physical
Rising Voltage,Electric,70,100,20,Special
Roar,Normal,NULL,NULL,20,Status
Roar Of Time,Dragon,150,90,5,Special
Rock Blast,Rock,25,90,10,Physical
Rock Climb,Normal,90,85,20,Physical
Rock Polish,Rock,NULL,NULL,20,Status
Rock Slide,Rock,75,90,10,Physical
Rock Smash,Fighting,40,100,15,Physical
Rock Throw,Rock,50,90,15,Physical
Rock Tomb,Rock,60,95,15,Physical
Rock Wrecker,Rock,150,90,5,Physical
Role Play,Psychic,NULL,NULL,10,Status
Rolling Kick,Fighting,60,85,15,Physical
Rollout,Rock,30,90,20,Physical
Roost,Flying,NULL,NULL,10,Status
Rototiller,Ground,NULL,NULL,10,Status
Round,Normal,60,100,15,Special
Sacred Fire,Fire,100,95,5,Physical
Sacred Sword,Fighting,90,100,15,Physical
Safeguard,Normal,NULL,NULL,25,Status
Sand Attack,Ground,NULL,100,15,Status
Sand Tomb,Ground,35,85,15,Physical
Sandstorm,Rock,NULL,NULL,10,Status
Sappy Seed,Grass,90,100,15,Physical
Scald,Water,80,100,15,Special
Scale Shot,Dragon,25,90,20,Physical
Scary Face,Normal,NULL,100,10,Status
Scorching Sands,Ground,70,100,10,Special
Scratch,Normal,40,100,35,Physical
Screech,Normal,NULL,85,40,Status
Searing Shot,Fire,100,100,5,Special
Searing Sunraze Smash,Steel,200,NULL,1,Physical
Secret Power,Normal,70,100,20,Physical
Secret Sword,Fighting,85,100,10,Special
Seed Bomb,Grass,80,100,15,Physical
Seed Flare,Grass,120,85,5,Special
Seismic Toss,Fighting,NULL,100,20,Physical
Self Destruct,Normal,200,100,5,Physical
Shadow Ball,Ghost,80,100,15,Special
Shadow Bone,Ghost,85,100,10,Physical
Shadow Claw,Ghost,70,100,15,Physical
Shadow Force,Ghost,120,100,5,Physical
Shadow Punch,Ghost,60,101,20,Physical
Shadow Sneak,Ghost,40,100,30,Physical
Sharpen,Normal,NULL,NULL,30,Status
Sheer Cold,Ice,NULL,30,5,Special
Shell Side Arm,Poison,90,100,10,Special
Shell Smash,Normal,NULL,NULL,15,Status
Shell Trap,Fire,150,100,5,Special
Shift Gear,Steel,NULL,NULL,10,Status
Shock Wave,Electric,60,101,20,Special
Shore Up,Ground,NULL,NULL,10,Status
Signal Beam,Bug,75,100,15,Special
Silver Wind,Bug,60,100,5,Special
Simple Beam,Normal,NULL,100,15,Status
Sing,Normal,NULL,55,15,Status
Sinister Arrow Raid,Ghost,180,NULL,1,Physical
Sizzly Slide,Fire,90,100,15,Physical
Sketch,Normal,NULL,NULL,1,Status
Skill Swap,Psychic,NULL,NULL,10,Status
Skitter Smack,Bug,70,90,10,Physical
Skull Bash,Normal,130,100,10,Physical
Sky Attack,Flying,140,90,5,Physical
Sky Drop,Flying,60,100,10,Physical
Sky Uppercut,Fighting,85,90,15,Physical
Slack Off,Normal,NULL,NULL,10,Status
Slam,Normal,80,75,20,Physical
Slash,Normal,70,100,20,Physical
Sleep Powder,Grass,NULL,75,15,Status
Sleep Talk,Normal,NULL,NULL,10,Status
Sludge,Poison,65,100,20,Special
Sludge Bomb,Poison,90,100,10,Special
Sludge Wave,Poison,95,100,10,Special
Smack Down,Rock,50,100,15,Physical
Smart Strike,Steel,70,NULL,10,Physical
Smelling Salts,Normal,70,100,10,Physical
Smog,Poison,30,70,20,Special
Smokescreen,Normal,NULL,100,20,Status
Snap Trap,Grass,35,100,15,Physical
Snarl,Dark,55,95,15,Special
Snatch,Dark,NULL,NULL,10,Status
Snipe Shot,Water,80,100,15,Special
Snore,Normal,50,100,15,Special
Soak,Water,NULL,100,20,Status
Soft Boiled,Normal,NULL,NULL,10,Status
Solar Beam,Grass,120,100,10,Special
Solar Blade,Grass,125,100,10,Physical
Sonic Boom,Normal,NULL,90,20,Special
Soul Stealing 7 Star Strike,Ghost,195,NULL,1,Physical
Spacial Rend,Dragon,100,95,5,Special
Spark,Electric,65,100,20,Physical
Sparkling Aria,Water,90,100,10,Special
Sparkly Swirl,Fairy,90,100,15,Special
Spectral Thief,Ghost,90,100,10,Physical
Speed Swap,Psychic,NULL,NULL,10,Status
Spider Web,Bug,NULL,NULL,10,Status
Spike Cannon,Normal,20,100,15,Physical
Spikes,Ground,NULL,NULL,20,Status
Spiky Shield,Grass,NULL,NULL,10,Status
Spirit Break,Fairy,75,100,15,Physical
Spirit Shackle,Ghost,80,100,10,Physical
Spit Up,Normal,NULL,100,10,Special
Spite,Ghost,NULL,100,10,Status
Splash,Normal,NULL,NULL,40,Status
Splintered Stormshards,Rock,190,NULL,1,Physical
Splishy Splash,Water,90,100,15,Special
Spore,Grass,NULL,100,15,Status
Spotlight,Normal,NULL,NULL,15,Status
Stealth Rock,Rock,NULL,NULL,20,Status
Steam Eruption,Water,110,95,5,Special
Steamroller,Bug,65,100,20,Physical
Steel Beam,Steel,140,95,5,Special
Steel Roller,Steel,130,100,5,Physical
Steel Wing,Steel,70,90,25,Physical
Sticky Web,Bug,NULL,NULL,20,Status
Stockpile,Normal,NULL,NULL,20,Status
Stoked Sparksurfer,Electric,175,NULL,1,Special
Stomp,Normal,65,100,20,Physical
Stomping Tantrum,Ground,75,100,10,Physical
Stone Edge,Rock,100,80,5,Physical
Stored Power,Psychic,20,100,10,Special
Storm Throw,Fighting,60,100,10,Physical
Strange Steam,Fairy,90,95,10,Special
Strength,Normal,80,100,15,Physical
Strength Sap,Grass,NULL,100,10,Status
String Shot,Bug,NULL,95,40,Status
Struggle,Normal,50,NULL,1,Physical
Struggle Bug,Bug,50,100,20,Special
Stuff Cheeks,Normal,NULL,NULL,10,Status
Stun Spore,Grass,NULL,75,30,Status
Submission,Fighting,80,80,20,Physical
Substitute,Normal,NULL,NULL,10,Status
Sucker Punch,Dark,70,100,5,Physical
Sunny Day,Fire,NULL,NULL,5,Status
Sunsteel Strike,Steel,100,100,5,Physical
Super Fang,Normal,NULL,90,10,Physical
Superpower,Fighting,120,100,5,Physical
Supersonic,Normal,NULL,55,20,Status
Surf,Water,90,100,15,Special
Surging Strikes,Water,25,100,5,Physical
Swagger,Normal,NULL,85,15,Status
Swallow,Normal,NULL,NULL,10,Status
Sweet Kiss,Fairy,NULL,75,10,Status
Sweet Scent,Normal,NULL,100,20,Status
Swift,Normal,60,101,20,Special
Switcheroo,Dark,NULL,100,10,Status
Swords Dance,Normal,NULL,NULL,20,Status
Synchronoise,Psychic,120,100,10,Special
Synthesis,Grass,NULL,NULL,5,Status
Tackle,Normal,40,100,35,Physical
Tail Glow,Bug,NULL,NULL,20,Status
Tail Slap,Normal,25,85,10,Physical
Tail Whip,Normal,NULL,100,30,Status
Tailwind,Flying,NULL,NULL,15,Status
Take Down,Normal,90,85,20,Physical
Tar Shot,Rock,NULL,100,15,Status
Taunt,Dark,NULL,100,20,Status
Tearful Look,Normal,NULL,NULL,20,Status
Teatime,Normal,NULL,NULL,10,Status
Techno Blast,Normal,120,100,5,Special
Teeter Dance,Normal,NULL,100,20,Status
Telekinesis,Psychic,NULL,NULL,15,Status
Teleport,Psychic,NULL,NULL,20,Status
Terrain Pulse,Normal,50,100,10,Special
Thief,Dark,60,100,25,Physical
Thousand Arrows,Ground,90,100,10,Physical
Thousand Waves,Ground,90,100,10,Physical
Thrash,Normal,120,100,10,Physical
Throat Chop,Dark,80,100,15,Physical
Thunder,Electric,110,70,10,Special
Thunder Cage,Electric,80,90,15,Special
Thunder Fang,Electric,65,95,15,Physical
Thunder Punch,Electric,75,100,15,Physical
Thunder Shock,Electric,40,100,30,Special
Thunder Wave,Electric,NULL,90,20,Status
Thunderbolt,Electric,90,100,15,Special
Thunderous Kick,Fighting,90,100,10,Physical
Tickle,Normal,NULL,100,20,Status
Topsy Turvy,Dark,NULL,NULL,20,Status
Torment,Dark,NULL,100,15,Status
Toxic,Poison,NULL,90,10,Status
Toxic Spikes,Poison,NULL,NULL,20,Status
Toxic Thread,Poison,NULL,100,20,Status
Transform,Normal,NULL,NULL,10,Status
Tri Attack,Normal,80,100,10,Special
Trick,Psychic,NULL,100,10,Status
Trick Or Treat,Ghost,NULL,100,20,Status
Trick Room,Psychic,NULL,NULL,5,Status
Triple Axel,Ice,20,90,10,Physical
Triple Kick,Fighting,10,90,10,Physical
Trop Kick,Grass,70,100,15,Physical
Trump Card,Normal,NULL,101,5,Special
Twineedle,Bug,25,100,20,Physical
Twister,Dragon,40,100,20,Special
U Turn,Bug,70,100,20,Physical
Uproar,Normal,90,100,10,Special
V Create,Fire,180,95,5,Physical
Vacuum Wave,Fighting,40,100,30,Special
Veevee Volley,Normal,NULL,101,20,Physical
Venom Drench,Poison,NULL,100,20,Status
Venoshock,Poison,65,100,10,Special
Vine Whip,Grass,45,100,25,Physical
Vise Grip,Normal,55,100,30,Physical
Vital Throw,Fighting,70,101,10,Physical
Volt Switch,Electric,70,100,20,Special
Volt Tackle,Electric,120,100,15,Physical
Wake Up Slap,Fighting,70,100,10,Physical
Water Gun,Water,40,100,25,Special
Water Pledge,Water,80,100,10,Special
Water Pulse,Water,60,100,20,Special
Water Shuriken,Water,15,100,20,Special
Water Sport,Water,NULL,NULL,15,Status
Water Spout,Water,150,100,5,Special
Waterfall,Water,80,100,15,Physical
Weather Ball,Normal,50,100,10,Special
Whirlpool,Water,35,85,15,Special
Whirlwind,Normal,NULL,NULL,20,Status
Wicked Blow,Dark,80,100,5,Physical
Wide Guard,Rock,NULL,NULL,10,Status
Wild Charge,Electric,90,100,15,Physical
Will O Wisp,Fire,NULL,85,15,Status
Wing Attack,Flying,60,100,35,Physical
Wish,Normal,NULL,NULL,10,Status
Withdraw,Water,NULL,NULL,40,Status
Wonder Room,Psychic,NULL,NULL,10,Status
Wood Hammer,Grass,120,100,15,Physical
Work Up,Normal,NULL,NULL,30,Status
Worry Seed,Grass,NULL,100,10,Status
Wrap,Normal,15,90,20,Physical
Wring Out,Normal,NULL,100,5,Special
X Scissor,Bug,80,100,15,Physical
Yawn,Normal,NULL,NULL,10,Status
Zap Cannon,Electric,120,50,5,Special
Zen Headbutt,Psychic,80,90,15,Physical
Zing Zap,Electric,80,100,10,Physical
Zippy Zap,Electric,50,100,15,Physical
G-Max Vine Lash,Grass,NULL,101,10,NULL
G-Max Wildfire,Fire,NULL,101,10,NULL
G-Max Cannonade,Water,NULL,101,10,NULL
G-Max Befuddle,Bug,NULL,101,5,NULL
G-Max Volt Crash,Electric,NULL,101,10,NULL
G-Max Gold Rush,Normal,NULL,101,5,NULL
G-Max Chi Strike,Fighting,NULL,101,5,NULL
G-Max Terror,Ghost,NULL,101,10,NULL
G-Max Foam Burst,Water,NULL,101,5,NULL
G-Max Resonance,Ice,NULL,101,5,NULL
G-Max Cuddle,Normal,NULL,101,5,NULL
G-Max Replenish,Normal,NULL,101,5,NULL
G-Max Malodor,Poison,NULL,101,5,NULL
G-Max Meltdown,Steel,NULL,101,5,NULL
G-Max Drum Solo,Grass,NULL,101,5,NULL
G-Max Fireball,Fire,NULL,101,5,NULL
G-Max Hydrosnipe,Water,NULL,101,5,NULL
G-Max Wind Rage,Flying,NULL,101,10,NULL
G-Max Gravitas,Psychic,NULL,101,5,NULL
G-Max Stonesurge,Water,NULL,101,5,NULL
G-Max Volcalith,Rock,NULL,101,10,NULL
G-Max Tartness,Grass,NULL,101,10,NULL
G-Max Sweetness,Grass,NULL,101,10,NULL
G-Max Sandblast,Ground,NULL,101,5,NULL
G-Max Stun Shock,Electric,NULL,101,10,NULL
G-Max Centiferno,Fire,NULL,101,5,NULL
G-Max Smite,Fairy,NULL,101,5,NULL
G-Max Snooze,Dark,NULL,101,5,NULL
G-Max Finale,Fairy,NULL,101,5,NULL
G-Max Steelsurge,Steel,NULL,101,5,NULL
G-Max Depletion,Dragon,NULL,101,5,NULL
G-Max One Blow,Dark,NULL,101,5,NULL
G-Max Rapid Flow,Water,NULL,101,5,NULL